id,Gender,Age,Height,Weight,BMI,Running_time,Distance,Calories
1,Male,49,184,74,20.4,78.20459101,3.064966858,990.8657974
1,Male,49,184,74,20.4,78.15770457,2.929311117,964.3822235
1,Male,49,184,74,20.4,76.67121644,2.94896443,964.0072758
1,Male,49,184,74,20.4,77.92446351,2.95926159,969.8557552
1,Male,49,184,74,20.4,77.77337357,2.927966364,967.9763274
1,Male,49,184,74,20.4,77.18336236,2.927385928,953.1811364
1,Male,49,184,74,20.4,78.3010939,2.827463833,974.7029214
1,Male,49,184,74,20.4,80.65711638,3.080259725,962.4366697
1,Male,49,184,74,20.4,76.72931725,2.884960233,950.5864599
1,Male,49,184,74,20.4,76.04691165,3.11552237,967.4270373
2,Female,56,182,70,23.2,95.33957056,4.994048618,494.4656367
2,Female,56,182,70,23.2,98.22609155,5.26845519,492.5173917
2,Female,56,182,70,23.2,97.43260581,5.601342682,490.5028661
2,Female,56,182,70,23.2,98.35181665,5.219834748,488.8351334
2,Female,56,182,70,23.2,99.92231501,5.041809726,480.4631906
2,Female,56,182,70,23.2,98.19745087,5.097845589,482.9539375
2,Female,56,182,70,23.2,96.78870891,5.282888476,517.2124344
2,Female,56,182,70,23.2,96.42180487,5.141102798,491.4914488
2,Female,56,182,70,23.2,99.69451872,4.75069081,502.1175659
2,Female,56,182,70,23.2,97.13030977,5.051261165,516.8568844
3,Male,49,170,85,27.4,91.44491866,7.272165654,952.0378539
3,Male,49,170,85,27.4,90.38994617,7.270933863,928.5340288
3,Male,49,170,85,27.4,89.0408776,7.693102231,959.0001387
3,Male,49,170,85,27.4,91.77706904,7.72153963,947.1576834
3,Male,49,170,85,27.4,87.99274121,7.825662247,949.950487
3,Male,49,170,85,27.4,91.78176498,7.659000334,944.4195086
3,Male,49,170,85,27.4,93.0066494,7.327507235,959.4038901
3,Male,49,170,85,27.4,91.12889257,8.060239764,932.103822
3,Male,49,170,85,27.4,91.40977091,7.861304328,942.9056643
3,Male,49,170,85,27.4,89.01888443,7.513412981,959.6051276
4,Male,21,181,59,24,87.84553357,14.53780999,581.3021884
4,Male,21,181,59,24,89.64371384,14.12771221,573.97453
4,Male,21,181,59,24,91.10705218,14.16878759,569.7032178
4,Male,21,181,59,24,86.25463914,14.16249641,559.4843941
4,Male,21,181,59,24,84.9825745,14.5304685,574.9363068
4,Male,21,181,59,24,86.05819088,14.29066932,556.6571754
4,Male,21,181,59,24,89.22158573,14.24591326,566.2562333
4,Male,21,181,59,24,87.04727541,14.32785836,580.1456338
4,Male,21,181,59,24,89.53569372,14.2049046,569.5973099
4,Male,21,181,59,24,86.53036961,14.0235133,572.7532536
5,Male,47,172,86,29.8,79.16878664,3.881063478,381.3156116
5,Male,47,172,86,29.8,75.69470437,4.330384593,412.856698
5,Male,47,172,86,29.8,79.20546182,3.688432495,381.6988863
5,Male,47,172,86,29.8,81.7374347,3.968856157,389.1177522
5,Male,47,172,86,29.8,78.13632901,3.883829892,383.0115167
5,Male,47,172,86,29.8,78.27152851,4.209191145,379.5527755
5,Male,47,172,86,29.8,79.64283331,3.672064926,390.1642417
5,Male,47,172,86,29.8,78.4180325,3.895648621,390.4545448
5,Male,47,172,86,29.8,78.19174677,4.07983882,394.7744131
5,Male,47,172,86,29.8,79.54041825,3.843607598,385.4505519
6,Female,54,182,58,22.8,109.070628,3.159381699,436.6121674
6,Female,54,182,58,22.8,105.546809,2.817865642,435.6786417
6,Female,54,182,58,22.8,104.8729509,3.274420518,455.2628764
6,Female,54,182,58,22.8,110.8813044,3.079012834,465.372075
6,Female,54,182,58,22.8,106.492985,3.305897328,450.350704
6,Female,54,182,58,22.8,103.6589922,3.058365638,441.248523
6,Female,54,182,58,22.8,107.2515699,3.148298444,442.6548722
6,Female,54,182,58,22.8,102.8998883,2.973670035,451.1105504
6,Female,54,182,58,22.8,106.5876449,3.026797934,447.3995483
6,Female,54,182,58,22.8,105.8111533,2.975930241,458.0207123
7,Male,40,152,73,27.1,103.7972095,3.55507055,807.1612611
7,Male,40,152,73,27.1,108.8473731,3.735770624,847.9620116
7,Male,40,152,73,27.1,101.6753139,3.655566599,847.8897997
7,Male,40,152,73,27.1,105.6104554,3.557750016,821.3301747
7,Male,40,152,73,27.1,104.1258713,3.587674628,835.8636852
7,Male,40,152,73,27.1,104.324761,3.633230557,843.1469477
7,Male,40,152,73,27.1,104.1253431,3.63533373,837.131106
7,Male,40,152,73,27.1,103.3862348,3.607324375,830.1202125
7,Male,40,152,73,27.1,107.787507,3.643236151,811.8547995
7,Male,40,152,73,27.1,104.6243092,3.445981925,838.9252483
8,Male,56,167,84,23,36.19591766,4.051309114,469.0385443
8,Male,56,167,84,23,36.74501442,4.024695561,482.1554752
8,Male,56,167,84,23,40.18598372,3.819665292,474.9277409
8,Male,56,167,84,23,35.34007913,4.087137427,451.1507631
8,Male,56,167,84,23,37.87601809,3.863532681,456.7381642
8,Male,56,167,84,23,37.02881722,4.399855357,438.2881748
8,Male,56,167,84,23,40.4082915,3.974331146,471.1520646
8,Male,56,167,84,23,36.56288095,3.954070219,453.1060229
8,Male,56,167,84,23,37.83743484,4.042990858,462.1007921
8,Male,56,167,84,23,37.20479583,3.92414156,478.5195118
9,Male,62,174,98,28,60.44429763,3.46134846,820.2392997
9,Male,62,174,98,28,63.32266638,3.429709786,845.5439896
9,Male,62,174,98,28,62.81538393,3.105408586,839.5320716
9,Male,62,174,98,28,59.66467161,3.214700292,852.3824295
9,Male,62,174,98,28,62.24481519,3.497391476,854.4603704
9,Male,62,174,98,28,62.76002554,3.456182225,827.0175312
9,Male,62,174,98,28,64.20987103,3.579896126,842.5805374
9,Male,62,174,98,28,59.57055009,3.108322742,870.0168407
9,Male,62,174,98,28,58.88432044,3.09804257,840.106169
9,Male,62,174,98,28,63.59655939,3.570824762,840.8803843
10,Female,32,191,84,25,108.9710221,8.366450174,409.2028405
10,Female,32,191,84,25,103.0147919,9.238570082,446.646692
10,Female,32,191,84,25,101.4981213,8.518779171,408.045285
10,Female,32,191,84,25,109.5016361,8.576392731,436.3541659
10,Female,32,191,84,25,106.2411204,8.706595866,426.5729696
10,Female,32,191,84,25,105.0453026,8.772663789,437.7550182
10,Female,32,191,84,25,105.7636189,8.736886425,435.1080508
10,Female,32,191,84,25,105.625435,8.797361267,432.877555
10,Female,32,191,84,25,105.6680239,8.760786069,432.7220649
10,Female,32,191,84,25,104.9854387,8.844581261,435.8647009
11,Male,60,180,97,19.2,62.29599127,9.597534148,710.1821166
11,Male,60,180,97,19.2,63.82581426,9.563715103,722.4733709
11,Male,60,180,97,19.2,62.9300455,9.837768166,729.5106868
11,Male,60,180,97,19.2,63.77689251,10.10493551,739.439608
11,Male,60,180,97,19.2,66.87271549,10.21872342,714.5819713
11,Male,60,180,97,19.2,63.17221608,9.956467804,720.9429853
11,Male,60,180,97,19.2,61.55393517,9.681239799,734.588215
11,Male,60,180,97,19.2,62.77440936,10.38742272,723.816692
11,Male,60,180,97,19.2,63.42036259,10.1469734,718.0344644
11,Male,60,180,97,19.2,65.43325841,9.804816671,714.0854329
12,Male,46,152,85,18.9,29.12722155,6.317289365,746.9205512
12,Male,46,152,85,18.9,29.37263161,6.218271436,752.8077624
12,Male,46,152,85,18.9,29.96698902,6.181084746,746.2843743
12,Male,46,152,85,18.9,28.37166221,6.30120684,744.1950561
12,Male,46,152,85,18.9,30.92375313,6.264460727,773.4471079
12,Male,46,152,85,18.9,30.63729214,5.974921159,736.9969086
12,Male,46,152,85,18.9,27.58051446,6.250628618,754.8116811
12,Male,46,152,85,18.9,30.51642364,6.196089583,747.7208363
12,Male,46,152,85,18.9,30.17092552,6.275060753,763.5902562
12,Male,46,152,85,18.9,29.75600259,6.054594646,728.7272736
13,Male,53,189,67,20,71.73280419,7.432581103,214.6180714
13,Male,53,189,67,20,68.85756039,7.890909592,216.7243259
13,Male,53,189,67,20,68.73443814,7.480576586,218.4502888
13,Male,53,189,67,20,67.51678559,7.814047988,230.0140211
13,Male,53,189,67,20,71.0195249,7.941114188,222.9378676
13,Male,53,189,67,20,69.25432329,7.606641008,216.4154788
13,Male,53,189,67,20,70.39102895,7.711348724,205.9366048
13,Male,53,189,67,20,68.61411602,7.300331062,238.2398328
13,Male,53,189,67,20,69.7296263,7.667111371,228.721418
13,Male,53,189,67,20,66.73302707,8.071230486,215.0364912
14,Male,30,195,98,18.7,89.14706334,4.111746272,961.4073545
14,Male,30,195,98,18.7,93.23034575,4.054143899,931.2988199
14,Male,30,195,98,18.7,90.84716522,3.821423604,936.3357029
14,Male,30,195,98,18.7,93.19507713,4.122396866,932.8070225
14,Male,30,195,98,18.7,93.30504841,3.988570979,940.488831
14,Male,30,195,98,18.7,95.88580989,4.122454001,941.6504332
14,Male,30,195,98,18.7,92.45353356,4.153194378,931.7649284
14,Male,30,195,98,18.7,93.29262522,4.073339443,941.0804512
14,Male,30,195,98,18.7,92.44856029,4.131422629,934.1507998
14,Male,30,195,98,18.7,91.88690032,4.066370507,918.8080803
15,Female,49,173,88,19.4,50.92747924,7.04472311,993.5324205
15,Female,49,173,88,19.4,51.18590394,7.116719928,994.1220205
15,Female,49,173,88,19.4,49.85979896,7.097765393,976.1607291
15,Female,49,173,88,19.4,52.46896684,7.516463471,993.3230805
15,Female,49,173,88,19.4,51.51472047,7.067654692,994.4725116
15,Female,49,173,88,19.4,52.01319299,7.32870387,996.6188837
15,Female,49,173,88,19.4,51.1320254,7.114663776,994.3314401
15,Female,49,173,88,19.4,50.52630778,6.98677229,987.2696542
15,Female,49,173,88,19.4,50.53025406,7.203877059,1008.723519
15,Female,49,173,88,19.4,50.79578764,7.205383829,989.8317315
16,Male,24,199,81,26.5,86.50124295,9.511305871,719.3159918
16,Male,24,199,81,26.5,90.72375181,9.470870609,710.4355746
16,Male,24,199,81,26.5,88.69006993,9.297142522,718.0346327
16,Male,24,199,81,26.5,89.10378671,9.622537823,732.1664294
16,Male,24,199,81,26.5,93.40771671,9.041113446,712.7064763
16,Male,24,199,81,26.5,91.09963868,9.54446625,721.0018342
16,Male,24,199,81,26.5,87.27126002,9.34639711,719.6177166
16,Male,24,199,81,26.5,84.86239307,8.962620732,746.0306543
16,Male,24,199,81,26.5,93.05634552,9.278825297,718.9369786
16,Male,24,199,81,26.5,89.8741509,8.976269561,708.2851615
17,Female,39,181,73,24.6,91.20438455,11.87526951,284.2173046
17,Female,39,181,73,24.6,93.16374807,11.7967393,298.7188898
17,Female,39,181,73,24.6,93.70305974,11.88327085,301.4089387
17,Female,39,181,73,24.6,96.08577734,11.93225039,304.2019194
17,Female,39,181,73,24.6,96.15360102,11.70195138,294.5043231
17,Female,39,181,73,24.6,93.26170662,11.564472,321.3399821
17,Female,39,181,73,24.6,90.63036975,11.60406641,312.7321296
17,Female,39,181,73,24.6,93.33718055,11.79786692,269.2643794
17,Female,39,181,73,24.6,97.54625635,11.88199591,294.7807
17,Female,39,181,73,24.6,92.5993037,11.97857289,318.6268815
18,Female,45,196,72,27.1,101.0855046,2.900406702,979.2474496
18,Female,45,196,72,27.1,101.0941083,2.962335687,949.4527648
18,Female,45,196,72,27.1,99.26532011,3.313642363,938.9313173
18,Female,45,196,72,27.1,101.4996343,2.91279067,954.7376063
18,Female,45,196,72,27.1,96.14409816,3.264063639,924.279906
18,Female,45,196,72,27.1,103.5202108,2.917998431,944.1871006
18,Female,45,196,72,27.1,100.4660317,2.901297505,941.7227693
18,Female,45,196,72,27.1,96.27501857,3.025206476,964.2078659
18,Female,45,196,72,27.1,99.95178747,3.178963806,962.4588054
18,Female,45,196,72,27.1,104.0495278,2.604645236,954.9535958
19,Female,19,171,81,29,39.4962629,8.896842072,698.5868715
19,Female,19,171,81,29,41.33545449,8.374901716,676.7081197
19,Female,19,171,81,29,42.38426665,8.662902539,694.7463329
19,Female,19,171,81,29,43.41004134,9.081718879,649.3089071
19,Female,19,171,81,29,40.40356635,8.630776975,674.5462767
19,Female,19,171,81,29,39.99611597,8.627750902,671.6121413
19,Female,19,171,81,29,38.1387947,8.914017269,662.4432652
19,Female,19,171,81,29,39.26311343,8.843819267,668.7395663
19,Female,19,171,81,29,41.29506039,8.305895164,680.2554475
19,Female,19,171,81,29,41.82117848,8.216689044,674.7314412
20,Male,59,172,86,25.2,42.55683298,6.499845452,804.5952579
20,Male,59,172,86,25.2,43.34411666,6.601166282,796.1533998
20,Male,59,172,86,25.2,41.79122695,6.900597897,800.9175599
20,Male,59,172,86,25.2,43.1340466,6.573036907,803.7412851
20,Male,59,172,86,25.2,40.89512007,6.741017975,815.0076718
20,Male,59,172,86,25.2,43.52327772,6.463537094,820.8196747
20,Male,59,172,86,25.2,41.60787893,6.628417647,813.7491666
20,Male,59,172,86,25.2,44.64915039,6.570912871,800.7826554
20,Male,59,172,86,25.2,42.93035106,6.515844172,781.3546709
20,Male,59,172,86,25.2,43.27799483,6.578497773,800.2408275
21,Female,62,151,61,26.9,89.41515313,13.20233478,498.3456239
21,Female,62,151,61,26.9,87.21663909,12.64809806,505.001802
21,Female,62,151,61,26.9,89.55539257,12.89870118,489.6343225
21,Female,62,151,61,26.9,86.65805726,13.3162206,488.5184892
21,Female,62,151,61,26.9,88.10637462,13.36165455,526.8045832
21,Female,62,151,61,26.9,89.16163156,13.22980946,500.6436417
21,Female,62,151,61,26.9,89.39460244,12.90701376,491.6518326
21,Female,62,151,61,26.9,90.63081475,13.47153239,491.3947794
21,Female,62,151,61,26.9,85.56363499,12.8609538,491.1062903
21,Female,62,151,61,26.9,88.96049615,13.19529314,495.6396643
22,Male,23,176,98,27.2,61.861145,11.66846873,743.3031847
22,Male,23,176,98,27.2,59.39856593,11.59660364,730.164709
22,Male,23,176,98,27.2,60.80199862,12.14523176,709.1568888
22,Male,23,176,98,27.2,59.0006464,11.58253828,735.0912692
22,Male,23,176,98,27.2,58.82501932,11.64870033,730.0736408
22,Male,23,176,98,27.2,57.06713887,11.8005276,736.3490313
22,Male,23,176,98,27.2,58.86060008,11.86083909,733.5340756
22,Male,23,176,98,27.2,58.77705066,11.51686572,733.5109733
22,Male,23,176,98,27.2,61.72802037,11.35971665,717.9471883
22,Male,23,176,98,27.2,59.3912091,11.6157006,726.4300818
23,Female,45,191,62,22.8,59.21028661,9.883503884,552.5714252
23,Female,45,191,62,22.8,62.85443421,10.19900031,515.4808838
23,Female,45,191,62,22.8,64.76933957,10.1528945,543.5203998
23,Female,45,191,62,22.8,62.49828777,9.993851586,535.5423664
23,Female,45,191,62,22.8,64.49024951,9.805940101,525.6777616
23,Female,45,191,62,22.8,65.05584242,10.53580903,549.0377748
23,Female,45,191,62,22.8,64.34500642,10.09492892,541.5702962
23,Female,45,191,62,22.8,64.20638784,10.06202839,529.5571006
23,Female,45,191,62,22.8,66.33725381,10.4231046,526.3615515
23,Female,45,191,62,22.8,63.7294072,9.983938929,534.8572299
24,Female,45,151,72,21.3,112.8850416,6.394391596,210.9334646
24,Female,45,151,72,21.3,115.295938,6.00824328,218.5035118
24,Female,45,151,72,21.3,116.6869298,6.6223102,196.0978943
24,Female,45,151,72,21.3,113.3137714,6.297147371,188.3127502
24,Female,45,151,72,21.3,113.5339083,6.506009113,187.3341269
24,Female,45,151,72,21.3,113.6003412,6.379176332,197.6212084
24,Female,45,151,72,21.3,113.9480738,6.308231195,199.8582756
24,Female,45,151,72,21.3,113.8005455,6.314782017,199.7612221
24,Female,45,151,72,21.3,116.569486,6.202883425,208.7308218
24,Female,45,151,72,21.3,113.1136886,6.414774563,209.4570024
25,Female,61,175,74,20.9,66.41047157,14.04915224,574.672448
25,Female,61,175,74,20.9,64.75060904,13.87685246,566.8454564
25,Female,61,175,74,20.9,68.97812401,14.03530982,576.3895039
25,Female,61,175,74,20.9,66.05993249,13.93397102,569.5329411
25,Female,61,175,74,20.9,63.83431959,13.81801909,562.29033
25,Female,61,175,74,20.9,65.24670788,14.18742412,556.7951921
25,Female,61,175,74,20.9,66.60800034,14.24196761,590.7950571
25,Female,61,175,74,20.9,69.27054669,13.92516197,586.4190933
25,Female,61,175,74,20.9,70.49819643,13.6352787,574.5902332
25,Female,61,175,74,20.9,61.48024112,14.00136783,602.1075547
26,Female,61,166,84,21.4,33.92940078,3.487767778,494.7367938
26,Female,61,166,84,21.4,33.96430466,3.448859582,491.7013227
26,Female,61,166,84,21.4,36.50504188,3.67990843,494.871891
26,Female,61,166,84,21.4,32.94809308,3.522878926,509.3672262
26,Female,61,166,84,21.4,36.0996524,3.482865343,505.8322044
26,Female,61,166,84,21.4,34.05997701,3.616262258,490.0322378
26,Female,61,166,84,21.4,34.14169591,3.099142663,487.4891113
26,Female,61,166,84,21.4,31.56110921,3.355268345,472.6108518
26,Female,61,166,84,21.4,33.00248537,3.531497598,495.4908266
26,Female,61,166,84,21.4,35.73660416,3.500726412,500.4332688
27,Female,37,189,90,21.7,111.7522045,3.854870724,753.4164711
27,Female,37,189,90,21.7,111.9665581,4.330142615,746.9951597
27,Female,37,189,90,21.7,111.9984154,4.364017926,759.323301
27,Female,37,189,90,21.7,107.9657514,4.525097266,765.5497899
27,Female,37,189,90,21.7,109.3493009,4.468100757,749.5069785
27,Female,37,189,90,21.7,109.8597286,4.346926937,758.0211771
27,Female,37,189,90,21.7,115.3366447,4.507639704,760.6866759
27,Female,37,189,90,21.7,112.3159136,4.303166847,749.307492
27,Female,37,189,90,21.7,112.3558013,4.240247669,750.8070025
27,Female,37,189,90,21.7,109.2740627,4.3144946,723.3325344
28,Female,47,182,79,20.9,106.4592079,7.603831547,531.4250588
28,Female,47,182,79,20.9,106.4990574,7.677477462,515.4046259
28,Female,47,182,79,20.9,107.2643492,7.523069376,509.4581458
28,Female,47,182,79,20.9,106.0507729,7.56098153,487.3200948
28,Female,47,182,79,20.9,107.814212,7.625781476,518.1488134
28,Female,47,182,79,20.9,111.8436195,7.394262552,517.6670613
28,Female,47,182,79,20.9,104.53719,7.322901409,518.5107713
28,Female,47,182,79,20.9,109.6234739,7.256990713,498.9423358
28,Female,47,182,79,20.9,105.7589511,8.043346624,517.6938017
28,Female,47,182,79,20.9,110.6471899,7.573502672,500.406688
29,Female,28,158,66,28.6,54.8091391,4.442013797,699.064437
29,Female,28,158,66,28.6,57.41177957,4.550628492,720.2372376
29,Female,28,158,66,28.6,58.9330427,4.558467911,710.0681466
29,Female,28,158,66,28.6,54.51499231,4.484652387,705.256245
29,Female,28,158,66,28.6,56.1090979,4.207047211,682.5079225
29,Female,28,158,66,28.6,53.60107659,4.587181105,692.9757518
29,Female,28,158,66,28.6,53.19074987,4.683965464,712.7680761
29,Female,28,158,66,28.6,55.58429679,4.330560025,713.6948595
29,Female,28,158,66,28.6,52.78181538,4.570686052,696.5699755
29,Female,28,158,66,28.6,50.60790533,4.973551152,675.6897281
30,Female,45,192,98,27.2,90.98608849,14.84208005,562.4690803
30,Female,45,192,98,27.2,88.79121719,14.42034078,575.1575857
30,Female,45,192,98,27.2,94.72712209,14.81513675,595.8639016
30,Female,45,192,98,27.2,92.05768387,14.73990502,592.1198132
30,Female,45,192,98,27.2,91.37551127,14.44913781,580.0504666
30,Female,45,192,98,27.2,95.93175376,14.16155777,567.8905891
30,Female,45,192,98,27.2,89.90430974,14.22994617,577.7460912
30,Female,45,192,98,27.2,89.47378361,14.44637817,598.647938
30,Female,45,192,98,27.2,91.7932109,14.48509601,575.8762572
30,Female,45,192,98,27.2,88.23350028,14.18069262,577.6280379
31,Male,42,197,69,19,30.46415734,12.59247547,828.0921737
31,Male,42,197,69,19,28.20093971,12.89365126,795.5188248
31,Male,42,197,69,19,33.72885401,12.69966299,823.5085855
31,Male,42,197,69,19,32.79952177,12.59463839,823.183324
31,Male,42,197,69,19,37.12878114,12.97661139,820.0973602
31,Male,42,197,69,19,33.19764176,12.53932461,818.5487575
31,Male,42,197,69,19,33.43555873,12.70572464,821.9224801
31,Male,42,197,69,19,33.06446639,12.97308038,811.1980642
31,Male,42,197,69,19,32.8130626,12.62966436,817.2721499
31,Male,42,197,69,19,34.42442462,12.59716105,846.5308945
32,Male,56,188,97,21.6,112.825796,6.028634442,207.9243942
32,Male,56,188,97,21.6,116.1583445,6.257403266,205.274669
32,Male,56,188,97,21.6,118.8316541,6.327077721,216.2656504
32,Male,56,188,97,21.6,116.5541038,6.049101832,218.6775857
32,Male,56,188,97,21.6,116.0034361,6.287095512,225.2018388
32,Male,56,188,97,21.6,122.7336679,5.845718415,214.9829567
32,Male,56,188,97,21.6,120.9863597,6.26454191,224.6791678
32,Male,56,188,97,21.6,121.4111284,6.384898422,206.8419859
32,Male,56,188,97,21.6,118.3271341,6.052379664,215.3258844
32,Male,56,188,97,21.6,115.6646141,6.114610155,209.1637481
33,Female,50,178,74,18.8,74.86059404,9.943239225,714.1336463
33,Female,50,178,74,18.8,72.38606975,9.663662345,695.521711
33,Female,50,178,74,18.8,71.31321964,10.07544977,707.1419729
33,Female,50,178,74,18.8,70.78047689,10.23109277,694.3985399
33,Female,50,178,74,18.8,70.00828001,9.64758052,715.9357964
33,Female,50,178,74,18.8,70.7269125,9.982584494,695.8300884
33,Female,50,178,74,18.8,71.21999357,10.25202397,687.9353273
33,Female,50,178,74,18.8,72.56795279,10.28679449,717.5004261
33,Female,50,178,74,18.8,67.9422524,9.680531221,682.4312628
33,Female,50,178,74,18.8,67.57749089,9.84521823,690.6585696
34,Female,18,191,71,24.2,118.1401648,14.76779931,424.1195421
34,Female,18,191,71,24.2,118.3694692,14.5117021,422.7839187
34,Female,18,191,71,24.2,122.71993,14.84086529,425.0852799
34,Female,18,191,71,24.2,118.4408557,14.54842546,432.4996726
34,Female,18,191,71,24.2,123.0279965,14.77370058,436.4198062
34,Female,18,191,71,24.2,119.6681519,14.83656431,434.9437547
34,Female,18,191,71,24.2,117.3207414,14.81844135,436.5607871
34,Female,18,191,71,24.2,117.63302,14.80919459,424.6651557
34,Female,18,191,71,24.2,118.6612335,14.77401318,440.6926655
34,Female,18,191,71,24.2,118.099806,14.81719501,435.7413971
35,Female,44,175,62,24,47.13367216,13.57200652,277.8520584
35,Female,44,175,62,24,47.09121318,14.18020293,279.5313774
35,Female,44,175,62,24,47.64838242,13.83093827,288.3994625
35,Female,44,175,62,24,46.95017526,13.64058022,280.0693694
35,Female,44,175,62,24,43.37035563,13.52377944,278.5670694
35,Female,44,175,62,24,49.94937611,13.78180504,298.8697639
35,Female,44,175,62,24,48.32941262,13.33190398,283.5416425
35,Female,44,175,62,24,49.89353739,13.37493561,310.9119868
35,Female,44,175,62,24,47.64776273,13.51793519,290.8150499
35,Female,44,175,62,24,47.50230971,13.59560348,291.1707944
36,Male,30,184,68,28.1,68.66406789,10.02988808,332.8288954
36,Male,30,184,68,28.1,68.63110356,10.1336671,332.7650015
36,Male,30,184,68,28.1,66.65134498,10.3847323,337.94887
36,Male,30,184,68,28.1,66.06677963,10.10220855,325.4988958
36,Male,30,184,68,28.1,66.76294272,9.979115986,325.7057181
36,Male,30,184,68,28.1,71.41239114,10.1166967,328.3232454
36,Male,30,184,68,28.1,68.86316551,10.1609005,333.4689908
36,Male,30,184,68,28.1,71.32129493,10.2649316,330.0258709
36,Male,30,184,68,28.1,68.38712803,10.21046991,332.9909534
36,Male,30,184,68,28.1,68.11366697,10.24676787,323.5908616
37,Female,58,199,98,22,100.6979281,13.83011387,942.9284289
37,Female,58,199,98,22,99.15455836,13.80962868,952.0162053
37,Female,58,199,98,22,105.4479249,14.06239291,944.9276722
37,Female,58,199,98,22,97.85757622,14.17361444,941.9145461
37,Female,58,199,98,22,99.66663767,13.8160798,947.1866298
37,Female,58,199,98,22,102.678713,13.62684786,931.2088267
37,Female,58,199,98,22,97.84165114,14.10045789,948.9942653
37,Female,58,199,98,22,102.6552993,13.543999,938.9356394
37,Female,58,199,98,22,96.67727388,13.5793834,944.6733287
37,Female,58,199,98,22,98.63978631,13.80881777,943.2967818
38,Male,20,174,85,27.9,68.07023891,14.89491599,343.3789877
38,Male,20,174,85,27.9,64.86457931,15.21970181,334.8414312
38,Male,20,174,85,27.9,68.49929841,14.46845312,338.5509489
38,Male,20,174,85,27.9,69.52955366,14.94468174,347.2783699
38,Male,20,174,85,27.9,68.22770481,15.22039493,362.8070525
38,Male,20,174,85,27.9,68.56509856,14.84018093,352.1547505
38,Male,20,174,85,27.9,64.3403608,14.97325646,356.8468741
38,Male,20,174,85,27.9,69.14561431,15.04461847,334.8786312
38,Male,20,174,85,27.9,68.36792664,14.89729209,353.3114308
38,Male,20,174,85,27.9,71.52256082,14.50953793,352.593092
39,Male,56,173,61,29.6,42.21490384,12.00995847,227.1023797
39,Male,56,173,61,29.6,42.60812111,11.93526675,224.1848669
39,Male,56,173,61,29.6,43.94211917,12.17335664,236.9598322
39,Male,56,173,61,29.6,41.59469234,11.6624416,232.6485183
39,Male,56,173,61,29.6,43.56952965,11.98631728,215.2619298
39,Male,56,173,61,29.6,42.90207973,11.85577565,229.2745665
39,Male,56,173,61,29.6,43.13676168,12.43192091,224.4865948
39,Male,56,173,61,29.6,43.28750925,12.46270236,228.5061289
39,Male,56,173,61,29.6,44.51223818,12.16317244,222.4790189
39,Male,56,173,61,29.6,40.98134509,11.68517295,233.3568367
40,Male,23,162,90,19.5,63.78169598,3.943828631,260.3432975
40,Male,23,162,90,19.5,61.35658653,3.601084887,271.9792033
40,Male,23,162,90,19.5,61.81095646,3.825357025,246.0711746
40,Male,23,162,90,19.5,60.80564034,3.755766216,260.8566412
40,Male,23,162,90,19.5,61.38444072,3.855723894,261.4546421
40,Male,23,162,90,19.5,62.73604627,3.780526588,262.0050738
40,Male,23,162,90,19.5,63.95543307,3.842609301,256.4987155
40,Male,23,162,90,19.5,58.54718755,3.941927294,270.6444096
40,Male,23,162,90,19.5,61.29870559,3.64966307,261.1975647
40,Male,23,162,90,19.5,60.52909835,3.773999436,258.0638767
41,Male,25,156,68,27.6,82.18086144,7.700568008,363.9366614
41,Male,25,156,68,27.6,79.98301181,7.7373226,360.9742769
41,Male,25,156,68,27.6,78.9460383,7.747475986,371.6600869
41,Male,25,156,68,27.6,82.28745349,8.166262659,355.0501668
41,Male,25,156,68,27.6,81.71554135,7.674913312,364.8067093
41,Male,25,156,68,27.6,76.27928438,8.293568097,358.8650229
41,Male,25,156,68,27.6,81.34203161,7.773799839,347.5867699
41,Male,25,156,68,27.6,80.53558319,7.92113248,363.5089525
41,Male,25,156,68,27.6,80.706799,7.664106114,346.5135589
41,Male,25,156,68,27.6,76.95065256,7.308225243,363.6969417
42,Male,44,185,61,25.3,66.88797023,13.10498691,410.1095836
42,Male,44,185,61,25.3,65.85941365,12.75005986,413.5866009
42,Male,44,185,61,25.3,69.09983178,12.39987971,438.660103
42,Male,44,185,61,25.3,66.74896459,12.83412353,416.3717658
42,Male,44,185,61,25.3,67.67300277,13.0185859,417.6140129
42,Male,44,185,61,25.3,66.44703998,13.12902744,425.6041629
42,Male,44,185,61,25.3,64.73758409,13.45607552,448.5105062
42,Male,44,185,61,25.3,64.87300364,13.23855999,410.9503492
42,Male,44,185,61,25.3,68.42612261,12.8107602,411.9807996
42,Male,44,185,61,25.3,67.28785605,13.28641955,407.6014204
43,Female,26,194,58,24,47.39764313,5.787183785,442.5497885
43,Female,26,194,58,24,49.00932358,5.413800799,463.3917468
43,Female,26,194,58,24,50.37955755,5.710952614,474.5601849
43,Female,26,194,58,24,50.17209542,5.909442174,444.4520844
43,Female,26,194,58,24,50.00746405,5.55899204,467.7553858
43,Female,26,194,58,24,53.24818822,5.701670677,465.0181878
43,Female,26,194,58,24,52.93610186,5.594684048,488.0308055
43,Female,26,194,58,24,52.04998874,5.882024801,450.7271486
43,Female,26,194,58,24,50.00063066,5.925672857,461.9624921
43,Female,26,194,58,24,50.29426373,5.592458778,462.7741749
44,Female,54,169,56,23.3,95.52302653,13.52713589,662.935311
44,Female,54,169,56,23.3,90.75086396,12.99479078,641.0822869
44,Female,54,169,56,23.3,91.61477853,13.24040089,645.4375607
44,Female,54,169,56,23.3,95.61529454,13.53895578,661.4337476
44,Female,54,169,56,23.3,91.78136425,13.00301598,648.6642874
44,Female,54,169,56,23.3,94.07557438,13.09798326,627.5902459
44,Female,54,169,56,23.3,92.97007046,12.78875795,652.0844577
44,Female,54,169,56,23.3,94.19983787,12.80887585,662.7435597
44,Female,54,169,56,23.3,89.81016798,13.05757827,653.669134
44,Female,54,169,56,23.3,87.19143914,12.99419869,669.2170788
45,Female,50,150,77,27.5,44.25020985,4.597045115,612.3836834
45,Female,50,150,77,27.5,45.85546916,4.326064268,609.4519783
45,Female,50,150,77,27.5,44.62786312,4.269612444,617.5557678
45,Female,50,150,77,27.5,44.41381377,4.380146924,624.0160454
45,Female,50,150,77,27.5,45.32036052,4.016640311,598.4084315
45,Female,50,150,77,27.5,41.10183931,4.188047547,637.5591606
45,Female,50,150,77,27.5,43.88767394,4.598590429,609.0384582
45,Female,50,150,77,27.5,43.75473031,4.466699542,615.4160991
45,Female,50,150,77,27.5,44.44326467,4.148597711,627.7933239
45,Female,50,150,77,27.5,43.66926914,4.165856759,641.0395404
46,Female,59,157,63,25.9,49.42892982,3.739813993,683.7693977
46,Female,59,157,63,25.9,53.82196556,3.303449346,643.8908793
46,Female,59,157,63,25.9,56.93080384,3.507527807,661.7953017
46,Female,59,157,63,25.9,55.48114404,3.441238064,647.9805412
46,Female,59,157,63,25.9,52.86000211,4.003778615,672.1439966
46,Female,59,157,63,25.9,58.14425647,3.71407867,655.1508393
46,Female,59,157,63,25.9,54.34281655,3.523412917,658.1908745
46,Female,59,157,63,25.9,51.8166767,3.382675081,663.762809
46,Female,59,157,63,25.9,52.617286,3.442307585,645.3375215
46,Female,59,157,63,25.9,53.22209238,3.525116991,655.4605352
47,Female,61,195,80,27.8,48.43646777,7.55273117,896.7078731
47,Female,61,195,80,27.8,45.08127095,7.626868192,877.987855
47,Female,61,195,80,27.8,47.08712851,7.503011051,868.5813276
47,Female,61,195,80,27.8,46.82085964,7.433731984,875.8960561
47,Female,61,195,80,27.8,44.98006984,7.566691959,890.0359319
47,Female,61,195,80,27.8,44.46233055,7.432452912,884.893084
47,Female,61,195,80,27.8,43.13887274,7.693431926,859.6597438
47,Female,61,195,80,27.8,47.74704461,7.475662397,859.4019668
47,Female,61,195,80,27.8,46.81398309,7.286523777,861.7177062
47,Female,61,195,80,27.8,44.34643512,7.687843046,873.016544
48,Male,41,165,68,28.9,99.11661169,3.749828179,509.5328307
48,Male,41,165,68,28.9,94.64047723,3.463185983,493.9510555
48,Male,41,165,68,28.9,97.94368803,3.547328347,513.7226638
48,Male,41,165,68,28.9,94.56985727,3.580387249,495.8632281
48,Male,41,165,68,28.9,98.40229938,3.347143299,514.137263
48,Male,41,165,68,28.9,96.628238,3.393646925,486.3012902
48,Male,41,165,68,28.9,96.29139398,3.461239872,492.5416497
48,Male,41,165,68,28.9,98.68219514,3.681322806,506.1831631
48,Male,41,165,68,28.9,95.4211294,3.350466019,493.3115555
48,Male,41,165,68,28.9,93.0378784,3.636896704,490.3319029
49,Female,32,163,96,25.6,102.3254901,14.09818612,489.5348667
49,Female,32,163,96,25.6,108.7182374,14.54101147,513.5684437
49,Female,32,163,96,25.6,110.6318267,14.53839626,502.6257677
49,Female,32,163,96,25.6,105.1649061,13.99725982,504.4788965
49,Female,32,163,96,25.6,109.0237405,14.1118554,500.0190186
49,Female,32,163,96,25.6,110.4361498,14.02102151,522.7909623
49,Female,32,163,96,25.6,107.2676371,14.21703254,508.6677743
49,Female,32,163,96,25.6,105.8361359,14.50603455,475.2378786
49,Female,32,163,96,25.6,107.2145481,14.56056116,502.6530993
49,Female,32,163,96,25.6,105.5055452,14.51716186,523.2817
50,Female,49,161,65,29.8,80.51994636,12.44705946,485.6017804
50,Female,49,161,65,29.8,79.00314179,12.86530758,467.2725946
50,Female,49,161,65,29.8,83.99374996,12.94940056,472.281662
50,Female,49,161,65,29.8,82.97648784,12.81642015,473.2310618
50,Female,49,161,65,29.8,79.72372582,13.39248157,512.1044934
50,Female,49,161,65,29.8,84.02540958,13.08462993,493.3400338
50,Female,49,161,65,29.8,79.86704566,12.73712912,482.0707621
50,Female,49,161,65,29.8,79.67955103,13.29601974,479.0318106
50,Female,49,161,65,29.8,83.26009723,13.0508533,471.5271738
50,Female,49,161,65,29.8,83.72677154,12.60699331,490.4171678
51,Male,49,172,54,25.5,78.50254195,12.75701368,590.4761556
51,Male,49,172,54,25.5,83.60691332,12.86633238,599.3650833
51,Male,49,172,54,25.5,80.16476417,12.56856576,600.3587407
51,Male,49,172,54,25.5,78.97712533,12.47994487,590.6721546
51,Male,49,172,54,25.5,78.23642802,12.45010209,597.3069212
51,Male,49,172,54,25.5,80.53422196,12.88863144,607.2746564
51,Male,49,172,54,25.5,79.3059346,12.49340399,587.4273202
51,Male,49,172,54,25.5,82.48982156,12.3202552,594.0869938
51,Male,49,172,54,25.5,80.83397673,12.50968591,613.3172971
51,Male,49,172,54,25.5,77.59079625,12.74040379,593.4716885
52,Female,41,164,84,25.8,66.27733387,10.72989869,216.0562277
52,Female,41,164,84,25.8,67.53777861,10.79352492,218.2989176
52,Female,41,164,84,25.8,67.42636085,10.93051986,219.8239698
52,Female,41,164,84,25.8,69.42830827,10.56232593,207.443526
52,Female,41,164,84,25.8,68.38047306,10.33823223,215.1808754
52,Female,41,164,84,25.8,71.86741799,10.12312991,205.4274108
52,Female,41,164,84,25.8,67.16049655,10.54885219,207.2928079
52,Female,41,164,84,25.8,70.62411323,10.43004943,228.4821658
52,Female,41,164,84,25.8,70.28242013,10.14784884,210.3129389
52,Female,41,164,84,25.8,68.3197801,10.361981,207.5321091
53,Male,58,177,61,24.9,75.57092584,5.869990734,926.8623264
53,Male,58,177,61,24.9,81.34079785,5.450500798,916.9928659
53,Male,58,177,61,24.9,76.21452993,5.555573618,896.1888042
53,Male,58,177,61,24.9,82.92751469,5.411474839,905.7526763
53,Male,58,177,61,24.9,83.45652148,5.762678623,879.8193769
53,Male,58,177,61,24.9,77.33814662,5.763420028,886.3446846
53,Male,58,177,61,24.9,83.41351485,6.086206146,907.8371342
53,Male,58,177,61,24.9,79.79147206,5.61791777,908.4957132
53,Male,58,177,61,24.9,79.53076593,5.973740984,924.5349373
53,Male,58,177,61,24.9,81.16626429,5.990323812,891.4751861
54,Female,29,183,74,19.5,99.37526102,9.483024372,814.079582
54,Female,29,183,74,19.5,99.3824425,9.307354938,820.9717425
54,Female,29,183,74,19.5,100.5596804,9.248087567,800.8222981
54,Female,29,183,74,19.5,98.83611828,9.230085245,830.9413732
54,Female,29,183,74,19.5,98.48345698,9.511769534,844.4997464
54,Female,29,183,74,19.5,99.58212789,9.411375091,818.4162766
54,Female,29,183,74,19.5,98.65957519,9.578245292,808.1789199
54,Female,29,183,74,19.5,98.9422907,9.03437476,798.075867
54,Female,29,183,74,19.5,98.57330911,9.16726945,834.7871516
54,Female,29,183,74,19.5,101.0678406,9.393138999,831.8817632
55,Male,56,151,70,26.9,35.64330601,10.18139676,453.6338284
55,Male,56,151,70,26.9,35.39977805,9.90074267,469.7097317
55,Male,56,151,70,26.9,37.96821665,9.93580103,474.027601
55,Male,56,151,70,26.9,34.92243819,10.5912589,464.7147206
55,Male,56,151,70,26.9,36.07567386,10.02017217,465.7539051
55,Male,56,151,70,26.9,34.8522633,10.15791286,467.6826445
55,Male,56,151,70,26.9,35.79246135,9.957977008,468.6574013
55,Male,56,151,70,26.9,33.85747698,9.916497621,469.0328458
55,Male,56,151,70,26.9,35.4275353,10.34940847,467.1557209
55,Male,56,151,70,26.9,36.07979292,10.46687947,459.4951034
56,Female,19,181,85,24.8,95.58918044,9.10989569,799.0748292
56,Female,19,181,85,24.8,97.21896985,9.636865263,794.5536178
56,Female,19,181,85,24.8,97.15172791,9.278709142,804.5770617
56,Female,19,181,85,24.8,96.43094152,9.188463413,784.9603024
56,Female,19,181,85,24.8,95.76046997,9.405654007,792.7655608
56,Female,19,181,85,24.8,97.20326196,9.36514412,810.8152932
56,Female,19,181,85,24.8,95.88369115,9.320178225,800.3570048
56,Female,19,181,85,24.8,100.6951671,8.867112428,812.2906527
56,Female,19,181,85,24.8,96.17777318,9.240611995,798.7581069
56,Female,19,181,85,24.8,92.70029298,9.382805255,811.9762623
57,Female,20,172,72,23.7,34.43494923,6.101633192,798.3167208
57,Female,20,172,72,23.7,34.96232204,6.336711266,802.7534661
57,Female,20,172,72,23.7,36.1439187,6.126672689,797.9083563
57,Female,20,172,72,23.7,38.23925471,6.214694724,812.6766698
57,Female,20,172,72,23.7,35.5741416,6.197876867,801.7571936
57,Female,20,172,72,23.7,36.06493132,6.031771388,809.5496694
57,Female,20,172,72,23.7,34.70883824,6.023714047,809.6947373
57,Female,20,172,72,23.7,35.49454855,6.353939352,788.7035426
57,Female,20,172,72,23.7,36.19038564,6.058918982,813.0733697
57,Female,20,172,72,23.7,35.905731,6.101400822,802.2801564
58,Male,54,171,65,29,83.42661299,8.747711853,949.9094144
58,Male,54,171,65,29,79.44242456,9.458908364,974.2604195
58,Male,54,171,65,29,82.86073325,9.407800459,963.5484995
58,Male,54,171,65,29,80.36407792,9.18371032,982.730781
58,Male,54,171,65,29,80.39794064,9.268077504,971.0483483
58,Male,54,171,65,29,79.1805138,9.205678206,974.0247747
58,Male,54,171,65,29,83.2670648,9.398772078,976.607369
58,Male,54,171,65,29,80.37530465,9.270373105,985.2888664
58,Male,54,171,65,29,81.66718242,9.458953468,960.8268075
58,Male,54,171,65,29,79.39703794,9.162641731,980.4346593
59,Male,34,174,88,21.9,100.6676492,8.914447728,554.0975264
59,Male,34,174,88,21.9,104.6039599,9.320924569,586.7974282
59,Male,34,174,88,21.9,102.5683438,8.642373707,566.3103527
59,Male,34,174,88,21.9,99.5929741,9.138029573,549.1215553
59,Male,34,174,88,21.9,98.9526676,8.980853057,570.1565937
59,Male,34,174,88,21.9,101.6386378,8.843605313,564.9001454
59,Male,34,174,88,21.9,104.9338395,8.84017382,565.6757788
59,Male,34,174,88,21.9,99.59689713,8.78894235,545.1633935
59,Male,34,174,88,21.9,101.5638528,8.945362549,562.8808742
59,Male,34,174,88,21.9,102.3876455,8.763190453,554.6341897
60,Male,19,171,94,24.5,71.56125021,15.02068588,454.0541687
60,Male,19,171,94,24.5,70.14774705,14.81673616,438.6664429
60,Male,19,171,94,24.5,71.37008324,14.97649824,456.2558235
60,Male,19,171,94,24.5,66.91354579,15.37214232,454.3934458
60,Male,19,171,94,24.5,71.08867021,15.1729701,469.2959962
60,Male,19,171,94,24.5,70.30519,15.04129052,455.2920398
60,Male,19,171,94,24.5,72.97609978,15.00591458,448.8552176
60,Male,19,171,94,24.5,70.41685802,14.91493248,461.0665077
60,Male,19,171,94,24.5,73.98882957,15.44198921,448.3573453
60,Male,19,171,94,24.5,71.40132458,15.0416664,473.0717054
61,Male,19,171,91,26.5,94.00045445,13.77423496,340.2712816
61,Male,19,171,91,26.5,90.34687682,13.71375723,341.4486569
61,Male,19,171,91,26.5,92.92633393,13.79869159,332.1540563
61,Male,19,171,91,26.5,92.10908718,13.75371475,337.2700514
61,Male,19,171,91,26.5,90.91941572,13.82756954,347.6383862
61,Male,19,171,91,26.5,92.16976942,13.7715388,337.3477776
61,Male,19,171,91,26.5,93.25984037,13.75803471,338.8549944
61,Male,19,171,91,26.5,89.50260269,13.57598712,333.9089419
61,Male,19,171,91,26.5,91.85129312,13.80003426,322.9425107
61,Male,19,171,91,26.5,90.99168617,13.45205895,334.4349167
62,Male,45,198,88,27.7,43.95762772,8.556258463,467.7054347
62,Male,45,198,88,27.7,44.00007091,8.784128503,480.1191353
62,Male,45,198,88,27.7,41.80868894,8.213698306,475.09274
62,Male,45,198,88,27.7,43.31905928,8.567207235,477.8534923
62,Male,45,198,88,27.7,45.01078362,8.179672372,475.4854829
62,Male,45,198,88,27.7,45.95624386,8.346420707,487.429724
62,Male,45,198,88,27.7,44.80714391,8.604041766,469.6432651
62,Male,45,198,88,27.7,43.14211628,8.142688038,476.5184395
62,Male,45,198,88,27.7,44.89817107,8.512063074,476.6554946
62,Male,45,198,88,27.7,40.50582057,8.472585687,483.51558
63,Male,40,191,63,23.8,59.13679055,10.72224464,971.3403652
63,Male,40,191,63,23.8,54.49338503,10.49178096,946.8659126
63,Male,40,191,63,23.8,55.86944254,10.24673898,964.2482709
63,Male,40,191,63,23.8,54.58644074,10.28051379,976.9556959
63,Male,40,191,63,23.8,56.01289635,10.37345556,953.104086
63,Male,40,191,63,23.8,56.46701038,10.36377264,965.2469938
63,Male,40,191,63,23.8,55.09324291,10.28446809,990.6903013
63,Male,40,191,63,23.8,58.03519828,10.43480207,972.1396311
63,Male,40,191,63,23.8,58.81289565,10.56285418,994.553184
63,Male,40,191,63,23.8,56.8753516,10.77182,977.7792661
64,Male,54,155,80,28.2,64.26951202,11.77526458,863.2374587
64,Male,54,155,80,28.2,62.84695205,11.98087046,888.8663841
64,Male,54,155,80,28.2,62.09516308,12.04415221,910.4837513
64,Male,54,155,80,28.2,64.53814328,11.9015805,865.6460483
64,Male,54,155,80,28.2,64.30750695,12.52089055,880.1076106
64,Male,54,155,80,28.2,63.29540294,12.03321629,888.5422656
64,Male,54,155,80,28.2,61.19928553,12.04849946,881.4679086
64,Male,54,155,80,28.2,61.22998168,12.02553835,884.8705215
64,Male,54,155,80,28.2,65.15509942,11.55855887,887.3649113
64,Male,54,155,80,28.2,63.60964255,12.23908435,897.6411331
65,Male,49,164,54,27.3,58.07501128,3.301784296,697.5631479
65,Male,49,164,54,27.3,58.62933801,3.715365731,713.9871123
65,Male,49,164,54,27.3,55.00162392,3.522836058,715.6888206
65,Male,49,164,54,27.3,58.11191493,3.30576909,699.3717202
65,Male,49,164,54,27.3,60.95895314,3.387679776,718.0732471
65,Male,49,164,54,27.3,55.95182699,3.354517735,701.774372
65,Male,49,164,54,27.3,58.89891094,3.280387561,713.5256823
65,Male,49,164,54,27.3,55.89377336,3.37184527,701.7081547
65,Male,49,164,54,27.3,53.6598229,3.133957829,736.8178019
65,Male,49,164,54,27.3,55.53067674,3.841733474,698.338908
66,Female,50,192,84,19.3,65.4036733,14.21336366,520.2023116
66,Female,50,192,84,19.3,65.65957021,13.78261652,513.7942773
66,Female,50,192,84,19.3,63.97498895,13.98637641,521.4086452
66,Female,50,192,84,19.3,66.98770771,13.92168805,505.0545056
66,Female,50,192,84,19.3,64.18623405,13.73518342,504.2170375
66,Female,50,192,84,19.3,64.18061696,13.60282706,509.1620692
66,Female,50,192,84,19.3,69.03177528,14.00970072,505.5302205
66,Female,50,192,84,19.3,65.47446514,13.14775359,500.5784202
66,Female,50,192,84,19.3,67.27668865,14.02654189,488.6258033
66,Female,50,192,84,19.3,60.913436,14.04730194,505.4370668
67,Female,18,186,72,19,58.34347017,13.12582977,784.414762
67,Female,18,186,72,19,56.83492596,13.22837408,776.2640807
67,Female,18,186,72,19,58.77573511,13.30123161,765.306127
67,Female,18,186,72,19,57.82419784,13.26561676,790.975202
67,Female,18,186,72,19,56.65386383,13.16455947,763.9710636
67,Female,18,186,72,19,57.96198024,13.43075347,783.5684143
67,Female,18,186,72,19,57.67048295,13.32651388,780.4228984
67,Female,18,186,72,19,55.59541216,13.60862506,789.76621
67,Female,18,186,72,19,60.06753295,13.38243286,794.0308659
67,Female,18,186,72,19,57.7712467,13.12817141,778.0492385
68,Male,36,182,78,25.6,65.98059782,8.367311226,455.5081127
68,Male,36,182,78,25.6,66.01043784,8.322709878,474.5162426
68,Male,36,182,78,25.6,67.20447067,8.497714508,478.563196
68,Male,36,182,78,25.6,63.29832703,8.551565402,478.7372871
68,Male,36,182,78,25.6,68.79965273,8.755943917,467.3468856
68,Male,36,182,78,25.6,67.57044272,8.400647163,481.866165
68,Male,36,182,78,25.6,66.53169968,8.519903443,467.4074359
68,Male,36,182,78,25.6,68.46779819,8.532960356,481.227818
68,Male,36,182,78,25.6,66.81245061,8.44207141,489.9442423
68,Male,36,182,78,25.6,69.31006244,8.450185648,487.0113101
69,Female,19,157,92,22.5,84.05440931,8.013205862,325.7799965
69,Female,19,157,92,22.5,85.1204273,7.69063926,334.2032674
69,Female,19,157,92,22.5,86.58465035,7.523209437,311.7260539
69,Female,19,157,92,22.5,85.64097286,7.811152896,329.4636539
69,Female,19,157,92,22.5,89.49831452,7.390172283,312.9756097
69,Female,19,157,92,22.5,83.64997407,7.898778741,318.0633763
69,Female,19,157,92,22.5,84.45106958,7.442865728,308.8963244
69,Female,19,157,92,22.5,84.41944416,7.498998097,328.3083342
69,Female,19,157,92,22.5,86.67794925,7.646676765,317.608654
69,Female,19,157,92,22.5,87.04115193,7.99587921,324.4624725
70,Female,61,193,60,20.9,53.01131464,6.5725796,318.1017087
70,Female,61,193,60,20.9,58.12045496,6.093463765,299.2211521
70,Female,61,193,60,20.9,54.58732263,6.219430653,315.1397496
70,Female,61,193,60,20.9,59.69674994,5.985035524,309.4742869
70,Female,61,193,60,20.9,52.15666681,6.096331827,319.4925712
70,Female,61,193,60,20.9,54.50168198,6.486678791,322.9133366
70,Female,61,193,60,20.9,54.83619405,6.120646592,291.7031365
70,Female,61,193,60,20.9,56.79401733,6.284608632,297.9992909
70,Female,61,193,60,20.9,54.2646048,6.330166285,315.6405545
70,Female,61,193,60,20.9,56.02725655,5.971353786,308.8711889
71,Female,43,193,67,25.2,83.2152691,8.610277982,889.9624005
71,Female,43,193,67,25.2,84.98623043,8.680220117,887.2175669
71,Female,43,193,67,25.2,84.53517557,8.393097309,869.0365742
71,Female,43,193,67,25.2,79.51436333,8.792382491,913.2869624
71,Female,43,193,67,25.2,81.91184633,9.065863238,884.9946838
71,Female,43,193,67,25.2,84.80286909,8.671494009,912.2739883
71,Female,43,193,67,25.2,83.8238243,8.495370108,890.5040482
71,Female,43,193,67,25.2,87.59996451,8.442117478,870.2923682
71,Female,43,193,67,25.2,84.47256002,8.696963073,878.9372173
71,Female,43,193,67,25.2,84.07144474,9.07816752,878.48478
72,Female,49,154,96,22.4,63.43904888,3.7700638,416.1099043
72,Female,49,154,96,22.4,62.62301387,3.493777963,402.613292
72,Female,49,154,96,22.4,59.98792584,3.399085559,407.7882306
72,Female,49,154,96,22.4,59.44010522,3.528114484,395.6545245
72,Female,49,154,96,22.4,62.64726534,3.719249714,392.5158578
72,Female,49,154,96,22.4,62.92310849,3.412068051,394.7108302
72,Female,49,154,96,22.4,59.21724198,3.555679722,405.4499167
72,Female,49,154,96,22.4,61.72857497,3.557155983,403.435375
72,Female,49,154,96,22.4,62.62829453,3.23502368,432.6555999
72,Female,49,154,96,22.4,62.32844106,3.57523359,408.326291
73,Male,23,188,61,24.7,98.77011394,13.12570788,364.3412526
73,Male,23,188,61,24.7,97.6896847,13.23983818,359.5101394
73,Male,23,188,61,24.7,95.79485221,13.18939811,358.2747782
73,Male,23,188,61,24.7,97.12060067,13.26488868,364.2241109
73,Male,23,188,61,24.7,95.1557861,13.4041208,356.3248006
73,Male,23,188,61,24.7,98.17662862,13.38765674,365.447065
73,Male,23,188,61,24.7,96.4778447,13.21604246,369.4843323
73,Male,23,188,61,24.7,97.36750872,13.25413496,364.9012515
73,Male,23,188,61,24.7,92.20834181,13.25848007,344.7930545
73,Male,23,188,61,24.7,97.77220321,13.23692741,356.0660806
74,Female,49,153,58,23.8,117.6121793,3.65699658,493.0228877
74,Female,49,153,58,23.8,114.9379016,3.357621436,492.8748371
74,Female,49,153,58,23.8,115.2078847,3.543663514,506.2996862
74,Female,49,153,58,23.8,114.4168308,3.43919174,506.565891
74,Female,49,153,58,23.8,118.6462822,3.509319297,490.5978072
74,Female,49,153,58,23.8,112.6138865,3.56953164,522.8806676
74,Female,49,153,58,23.8,119.9530831,3.470661622,492.8858446
74,Female,49,153,58,23.8,111.8417874,3.24892972,479.0276405
74,Female,49,153,58,23.8,114.6775256,3.457764515,500.0685134
74,Female,49,153,58,23.8,115.1047293,3.448505856,503.300806
75,Male,21,155,59,25.2,94.62066488,6.96281076,697.1665297
75,Male,21,155,59,25.2,94.67116241,6.94679167,697.2132675
75,Male,21,155,59,25.2,93.60737519,7.217958417,722.6621824
75,Male,21,155,59,25.2,95.65271328,7.000734043,701.3550559
75,Male,21,155,59,25.2,90.24053119,6.50656594,676.8624042
75,Male,21,155,59,25.2,98.9191539,7.238871247,718.6645681
75,Male,21,155,59,25.2,94.73259503,6.91131071,679.216861
75,Male,21,155,59,25.2,95.33882689,6.8788925,700.5669792
75,Male,21,155,59,25.2,92.84389056,7.171683901,677.9337823
75,Male,21,155,59,25.2,90.29965366,6.678855877,711.8544329
76,Female,28,194,93,23.1,38.43110176,14.22730615,835.6090185
76,Female,28,194,93,23.1,36.85360025,14.19654069,828.3033878
76,Female,28,194,93,23.1,36.41779635,14.38905998,837.4414216
76,Female,28,194,93,23.1,37.13345849,13.5228927,822.8431363
76,Female,28,194,93,23.1,39.36037103,13.97524973,812.3636519
76,Female,28,194,93,23.1,34.90420767,13.73062873,859.5565383
76,Female,28,194,93,23.1,38.89554472,14.25552921,828.2334835
76,Female,28,194,93,23.1,40.01878812,14.07027796,854.2975516
76,Female,28,194,93,23.1,37.30788099,14.4631353,829.9674166
76,Female,28,194,93,23.1,42.55322985,13.76443863,852.8143753
77,Female,34,181,66,26.5,33.75690805,11.63253392,747.5340548
77,Female,34,181,66,26.5,32.19416211,12.07524899,749.3300727
77,Female,34,181,66,26.5,32.41025032,11.72270829,767.0233948
77,Female,34,181,66,26.5,37.57866515,11.57632866,765.661728
77,Female,34,181,66,26.5,35.72482178,11.85799522,771.957628
77,Female,34,181,66,26.5,31.79907371,11.89994458,753.7236309
77,Female,34,181,66,26.5,34.05983796,11.79131457,739.1383819
77,Female,34,181,66,26.5,35.02389043,11.87679145,762.5269253
77,Female,34,181,66,26.5,29.63908788,11.87743541,732.8819073
77,Female,34,181,66,26.5,33.41981373,11.79602389,752.1700004
78,Female,55,179,87,20.6,107.6995103,6.39020698,352.2603276
78,Female,55,179,87,20.6,101.8373844,6.182317536,346.6877241
78,Female,55,179,87,20.6,99.33973875,6.384852508,375.8129278
78,Female,55,179,87,20.6,104.2668922,6.199649361,341.9481474
78,Female,55,179,87,20.6,102.7437976,6.284827686,357.8960031
78,Female,55,179,87,20.6,103.3888069,5.879357645,347.3158957
78,Female,55,179,87,20.6,102.9968649,6.470556633,348.5311315
78,Female,55,179,87,20.6,98.29840839,5.939044864,374.5073914
78,Female,55,179,87,20.6,100.3716141,5.996582983,357.1326887
78,Female,55,179,87,20.6,105.7750167,6.524211767,355.2999278
79,Male,41,196,56,26.5,67.87719673,6.013205649,568.1219424
79,Male,41,196,56,26.5,69.77184609,5.877172823,560.2061088
79,Male,41,196,56,26.5,66.88881717,6.019632707,565.2891761
79,Male,41,196,56,26.5,66.02776943,6.104270895,560.7356687
79,Male,41,196,56,26.5,65.39371601,6.300440985,567.4021769
79,Male,41,196,56,26.5,68.7592098,6.21105611,556.9121814
79,Male,41,196,56,26.5,65.84359204,5.826493027,562.403262
79,Male,41,196,56,26.5,65.62580417,5.839974629,566.912892
79,Male,41,196,56,26.5,66.36548369,5.79024308,564.7145867
79,Male,41,196,56,26.5,64.9225235,5.983418863,563.3407747
80,Female,22,184,95,23.2,44.44549078,2.713487214,901.9178458
80,Female,22,184,95,23.2,41.43806008,2.962420458,925.1752631
80,Female,22,184,95,23.2,41.6479845,3.061730263,921.2431669
80,Female,22,184,95,23.2,42.32914025,3.059094837,908.5615772
80,Female,22,184,95,23.2,41.36200927,2.775445677,910.7948851
80,Female,22,184,95,23.2,38.7232174,2.916424076,933.4359093
80,Female,22,184,95,23.2,42.52934286,2.744036449,925.5384501
80,Female,22,184,95,23.2,41.38702897,2.88217445,916.3771292
80,Female,22,184,95,23.2,44.55806149,3.437374269,947.3154336
80,Female,22,184,95,23.2,43.33703891,2.853925053,927.3443554
81,Male,51,189,62,28.6,59.56075143,11.20055288,817.956009
81,Male,51,189,62,28.6,56.36907475,11.48688778,834.9979136
81,Male,51,189,62,28.6,59.60895899,11.29034783,807.5541133
81,Male,51,189,62,28.6,59.6079626,11.60501824,839.4877986
81,Male,51,189,62,28.6,60.45788763,11.0590535,827.1254676
81,Male,51,189,62,28.6,60.1474712,11.30953171,822.1134339
81,Male,51,189,62,28.6,60.00179011,11.84488487,845.3525679
81,Male,51,189,62,28.6,61.41615651,10.91340163,817.7376386
81,Male,51,189,62,28.6,59.23895834,11.32010557,824.6295367
81,Male,51,189,62,28.6,58.0953658,11.28993439,828.531755
82,Female,23,165,89,24.4,75.19209271,3.669595648,447.4504777
82,Female,23,165,89,24.4,76.3151317,3.625257906,438.9410258
82,Female,23,165,89,24.4,77.8131366,3.626091008,443.2401562
82,Female,23,165,89,24.4,75.77244644,3.73302016,440.6160244
82,Female,23,165,89,24.4,77.49389213,3.501158136,462.6659181
82,Female,23,165,89,24.4,76.5061941,3.730790357,446.6551187
82,Female,23,165,89,24.4,76.27567586,3.48004392,441.9651946
82,Female,23,165,89,24.4,75.69807851,3.811659288,463.5422061
82,Female,23,165,89,24.4,75.3802487,3.683271708,451.4654848
82,Female,23,165,89,24.4,74.5856611,3.206044588,474.8348396
83,Male,39,162,91,29.7,117.2969059,9.38715686,543.3390107
83,Male,39,162,91,29.7,115.4479291,9.572564623,547.1444096
83,Male,39,162,91,29.7,116.8251656,9.263938915,531.9956302
83,Male,39,162,91,29.7,115.7097363,9.160930469,524.4164611
83,Male,39,162,91,29.7,113.4524675,9.289171769,522.4695995
83,Male,39,162,91,29.7,117.3093918,9.142326758,531.9141561
83,Male,39,162,91,29.7,114.9205326,9.583182621,521.1368929
83,Male,39,162,91,29.7,118.9770221,9.503684536,548.1931399
83,Male,39,162,91,29.7,119.0416415,9.240331631,543.7366487
83,Male,39,162,91,29.7,117.515908,9.383734696,533.6182178
84,Female,28,199,58,25.4,79.57142391,14.40045982,859.0641078
84,Female,28,199,58,25.4,83.33853048,14.63252461,858.8685321
84,Female,28,199,58,25.4,81.96026885,14.97992425,823.1410843
84,Female,28,199,58,25.4,82.01356985,14.46977973,837.1619032
84,Female,28,199,58,25.4,80.87519891,14.48831779,842.0713526
84,Female,28,199,58,25.4,81.3675166,14.49762707,857.8485507
84,Female,28,199,58,25.4,83.94439641,14.99026763,821.9030482
84,Female,28,199,58,25.4,82.16367477,14.57144853,834.0881461
84,Female,28,199,58,25.4,80.88833657,14.59883154,836.8980217
84,Female,28,199,58,25.4,81.78774696,14.75741037,828.9346264
85,Male,33,191,99,21.1,84.25906617,4.552379769,721.8612718
85,Male,33,191,99,21.1,85.38272938,4.257331104,716.3911076
85,Male,33,191,99,21.1,85.02536391,4.282961405,716.9197813
85,Male,33,191,99,21.1,87.66037416,4.643587481,700.7068209
85,Male,33,191,99,21.1,87.44600484,4.779090509,680.3969255
85,Male,33,191,99,21.1,85.10303531,4.331889878,710.6271032
85,Male,33,191,99,21.1,85.25065347,4.23177061,716.5768861
85,Male,33,191,99,21.1,89.15453574,4.524435975,695.0987436
85,Male,33,191,99,21.1,85.82737594,4.17801905,701.7448073
85,Male,33,191,99,21.1,83.58566202,4.40329256,706.1836671
86,Male,50,179,76,28,45.18522915,13.81741006,487.595764
86,Male,50,179,76,28,45.57484117,13.86369364,493.15286
86,Male,50,179,76,28,41.41608251,13.6545368,476.4076817
86,Male,50,179,76,28,43.16600098,14.32780192,479.7411969
86,Male,50,179,76,28,41.36540462,13.94764022,491.2543973
86,Male,50,179,76,28,43.75813976,13.85593175,493.842358
86,Male,50,179,76,28,46.44471655,13.61350972,484.362815
86,Male,50,179,76,28,46.33902332,13.3704974,477.1192218
86,Male,50,179,76,28,41.51644876,13.96058421,494.5167604
86,Male,50,179,76,28,47.30240538,13.7324239,484.3472305
87,Female,26,168,51,22.5,55.83586228,14.70003123,219.2310572
87,Female,26,168,51,22.5,58.59714866,15.2850224,213.7600412
87,Female,26,168,51,22.5,61.36668122,15.21847807,216.5818337
87,Female,26,168,51,22.5,57.40912489,14.96349982,219.8346343
87,Female,26,168,51,22.5,61.17031319,14.50938836,215.2595726
87,Female,26,168,51,22.5,60.09842522,15.15923885,217.8285525
87,Female,26,168,51,22.5,57.49277165,14.9583161,225.9528584
87,Female,26,168,51,22.5,56.39481261,14.65116275,238.9192176
87,Female,26,168,51,22.5,59.91994514,14.78991231,224.221078
87,Female,26,168,51,22.5,56.77302284,14.76109834,215.7202179
88,Male,23,166,54,22.5,38.4752472,3.698728015,470.5433595
88,Male,23,166,54,22.5,38.59685917,3.611102921,473.7503985
88,Male,23,166,54,22.5,40.11061392,4.027194222,483.5323409
88,Male,23,166,54,22.5,35.35276549,3.989241821,454.7623657
88,Male,23,166,54,22.5,37.19931048,3.86997272,486.6907509
88,Male,23,166,54,22.5,34.98268233,3.526563093,462.808363
88,Male,23,166,54,22.5,37.55043342,3.583641023,468.6406526
88,Male,23,166,54,22.5,38.60587728,3.811308927,491.0291616
88,Male,23,166,54,22.5,37.35899715,3.674945802,480.5729274
88,Male,23,166,54,22.5,35.36736936,3.837403991,488.3633207
89,Female,33,168,78,18.9,33.96236203,13.46969078,997.9088292
89,Female,33,168,78,18.9,29.98523814,13.27367622,1025.618227
89,Female,33,168,78,18.9,29.62425233,13.68565761,995.4289641
89,Female,33,168,78,18.9,33.44397597,13.62426514,1006.792448
89,Female,33,168,78,18.9,32.67317652,13.88713802,999.8716308
89,Female,33,168,78,18.9,33.84003309,13.64023861,998.0669861
89,Female,33,168,78,18.9,32.12264366,13.59074462,1005.678809
89,Female,33,168,78,18.9,33.07237135,13.85581057,983.9646343
89,Female,33,168,78,18.9,33.36880396,13.80641173,1010.42813
89,Female,33,168,78,18.9,35.50850701,13.60310589,1008.462011
90,Female,46,177,86,24.8,55.35527071,9.382311991,211.6614301
90,Female,46,177,86,24.8,57.49049123,9.255597211,205.5752689
90,Female,46,177,86,24.8,55.97171305,9.435578479,201.6676497
90,Female,46,177,86,24.8,58.91838683,9.412492542,196.2396766
90,Female,46,177,86,24.8,56.52980789,9.126738545,180.2380749
90,Female,46,177,86,24.8,57.761246,9.173752423,196.4588671
90,Female,46,177,86,24.8,59.37542113,8.748393761,220.6324839
90,Female,46,177,86,24.8,56.89822762,8.978832476,210.4682908
90,Female,46,177,86,24.8,59.01349355,8.821781548,195.851179
90,Female,46,177,86,24.8,62.89219812,9.178066257,197.0933876
91,Female,20,175,87,24.6,71.91234687,13.89516425,345.7201558
91,Female,20,175,87,24.6,77.00878118,13.84644493,322.0056587
91,Female,20,175,87,24.6,73.4373191,13.64099819,299.7272145
91,Female,20,175,87,24.6,74.63478245,13.98798763,323.8195146
91,Female,20,175,87,24.6,78.5771149,14.03468481,304.9094547
91,Female,20,175,87,24.6,79.77118339,13.63325033,305.7541823
91,Female,20,175,87,24.6,75.91678767,13.71156991,322.931644
91,Female,20,175,87,24.6,76.11062215,13.49823424,321.5834058
91,Female,20,175,87,24.6,77.94376675,13.6728759,309.5820231
91,Female,20,175,87,24.6,72.83594362,13.55586189,291.0124042
92,Female,37,186,68,22.6,97.22416944,9.937143446,237.4967672
92,Female,37,186,68,22.6,97.55389362,9.874884797,233.7685426
92,Female,37,186,68,22.6,98.4244867,9.802518082,229.4500377
92,Female,37,186,68,22.6,97.16323354,10.21292199,236.0981757
92,Female,37,186,68,22.6,97.27658403,9.835892418,228.4896861
92,Female,37,186,68,22.6,93.67892309,10.26383775,231.3549589
92,Female,37,186,68,22.6,96.29454131,9.748331362,235.122398
92,Female,37,186,68,22.6,96.85053068,9.887328688,234.6600592
92,Female,37,186,68,22.6,98.85332929,9.869372322,236.5294474
92,Female,37,186,68,22.6,97.53410468,9.744916973,219.0466645
93,Female,53,175,57,28.8,104.8111517,10.9341999,387.8072381
93,Female,53,175,57,28.8,106.572164,11.22229463,369.8017434
93,Female,53,175,57,28.8,101.4418105,10.65046332,386.0802076
93,Female,53,175,57,28.8,104.6184058,10.99119786,393.5216514
93,Female,53,175,57,28.8,108.6230768,10.6189122,399.6498334
93,Female,53,175,57,28.8,104.5989167,10.87019489,406.8035884
93,Female,53,175,57,28.8,105.3349321,10.82775347,390.989398
93,Female,53,175,57,28.8,105.4312448,10.96746835,384.5080284
93,Female,53,175,57,28.8,105.1726289,10.77236426,404.7769336
93,Female,53,175,57,28.8,102.5316096,11.01974084,401.3226613
94,Female,36,172,97,20,74.34545654,9.54703706,682.5341985
94,Female,36,172,97,20,74.74678233,9.56947225,683.4658755
94,Female,36,172,97,20,74.19742464,9.524469772,688.7809615
94,Female,36,172,97,20,74.02415879,9.496831312,685.4949128
94,Female,36,172,97,20,73.62300056,9.446971402,683.8642476
94,Female,36,172,97,20,72.46471713,9.531145913,673.9925213
94,Female,36,172,97,20,73.84339247,9.573032842,683.1502527
94,Female,36,172,97,20,75.0461374,9.411226295,674.568905
94,Female,36,172,97,20,76.95548922,9.354152779,669.43212
94,Female,36,172,97,20,73.41917189,9.515154621,688.159954
95,Female,43,158,94,22.3,33.55436158,13.54534781,961.9259822
95,Female,43,158,94,22.3,28.88633719,13.46432831,961.1661359
95,Female,43,158,94,22.3,30.43429683,13.80106383,963.3560559
95,Female,43,158,94,22.3,31.1145141,13.24924587,961.6231568
95,Female,43,158,94,22.3,31.64730852,13.88874223,936.278641
95,Female,43,158,94,22.3,29.68647227,13.37179644,959.9565699
95,Female,43,158,94,22.3,26.91121667,13.65959394,938.3545559
95,Female,43,158,94,22.3,30.89191741,13.1870175,964.7827369
95,Female,43,158,94,22.3,30.45788844,13.08224455,982.4643475
95,Female,43,158,94,22.3,34.86296135,13.320515,951.647188
96,Female,20,161,50,22.2,60.0107601,11.34345659,252.4197019
96,Female,20,161,50,22.2,58.15874331,12.27002702,260.3541054
96,Female,20,161,50,22.2,57.83615616,11.71947254,253.2738446
96,Female,20,161,50,22.2,56.00707761,11.83801459,267.38318
96,Female,20,161,50,22.2,58.04300404,11.55674015,244.9615387
96,Female,20,161,50,22.2,58.14194404,12.1855016,252.4880862
96,Female,20,161,50,22.2,56.60752058,11.81534935,259.4298325
96,Female,20,161,50,22.2,53.84364266,11.6847008,259.3190645
96,Female,20,161,50,22.2,57.08769552,11.93989617,259.3772146
96,Female,20,161,50,22.2,56.13786155,11.87863298,254.4730444
97,Female,36,150,71,19.6,64.29764924,9.230518526,369.9456246
97,Female,36,150,71,19.6,64.34336592,9.277849588,359.8305781
97,Female,36,150,71,19.6,65.37497189,9.560934631,357.5985621
97,Female,36,150,71,19.6,64.84726541,9.117028431,365.1755415
97,Female,36,150,71,19.6,62.90459631,9.664313901,341.1461274
97,Female,36,150,71,19.6,64.09980917,9.552828007,364.1289978
97,Female,36,150,71,19.6,63.94371645,9.276688215,370.8717166
97,Female,36,150,71,19.6,64.54488351,9.161178971,374.2080262
97,Female,36,150,71,19.6,65.2309378,9.716815074,353.5851279
97,Female,36,150,71,19.6,67.66310161,9.493472987,364.2201504
98,Female,37,150,66,24,65.87940176,13.34937443,888.5313649
98,Female,37,150,66,24,66.95032075,13.66795271,899.2482898
98,Female,37,150,66,24,65.83333333,13.6651608,909.1804532
98,Female,37,150,66,24,66.70271873,13.50238204,879.5955699
98,Female,37,150,66,24,64.5538865,13.44396876,888.8697921
98,Female,37,150,66,24,65.03465133,13.48660932,896.7397362
98,Female,37,150,66,24,65.17962291,13.71195521,895.2513059
98,Female,37,150,66,24,65.26639121,13.53069688,895.5255218
98,Female,37,150,66,24,68.54415596,13.6109053,866.0464891
98,Female,37,150,66,24,65.23924899,13.84144425,918.3990756
99,Female,49,196,56,26.4,55.74938882,5.868452024,409.5255374
99,Female,49,196,56,26.4,54.61376468,5.8057419,409.5274606
99,Female,49,196,56,26.4,54.4830981,5.939535738,404.6651093
99,Female,49,196,56,26.4,55.2817164,5.985805403,404.7365468
99,Female,49,196,56,26.4,52.69466997,5.840954627,403.7825287
99,Female,49,196,56,26.4,55.54428851,5.979081531,405.9644573
99,Female,49,196,56,26.4,55.5509913,6.296054027,402.988055
99,Female,49,196,56,26.4,54.81111396,5.780769038,426.6088748
99,Female,49,196,56,26.4,55.07550937,6.006279582,406.8381561
99,Female,49,196,56,26.4,55.23669553,6.065804933,404.8007566
100,Male,24,183,74,24.4,76.0590173,4.897292443,227.9066937
100,Male,24,183,74,24.4,72.38182704,5.02691961,204.2711497
100,Male,24,183,74,24.4,72.19508419,5.021325141,206.171758
100,Male,24,183,74,24.4,69.53326247,4.922252433,224.2543268
100,Male,24,183,74,24.4,71.51631753,4.888796818,207.6088196
100,Male,24,183,74,24.4,73.58181018,5.037089077,214.1113677
100,Male,24,183,74,24.4,74.52891338,5.092034485,209.0150917
100,Male,24,183,74,24.4,74.38119957,4.606597482,199.4473375
100,Male,24,183,74,24.4,69.10964536,5.224663312,210.3595859
100,Male,24,183,74,24.4,76.50022779,5.120865012,207.5270522
101,Male,58,181,94,20.3,57.07620478,4.648134272,698.0892723
101,Male,58,181,94,20.3,60.38160187,4.837479364,697.3251782
101,Male,58,181,94,20.3,54.35061716,5.153552161,674.7952987
101,Male,58,181,94,20.3,53.57287842,4.723461347,690.6171049
101,Male,58,181,94,20.3,60.05732662,5.132284611,681.1856645
101,Male,58,181,94,20.3,58.4169405,5.215183335,682.2738648
101,Male,58,181,94,20.3,58.9186259,5.405168186,671.2283862
101,Male,58,181,94,20.3,54.97717515,4.744114764,702.2552926
101,Male,58,181,94,20.3,52.14029462,4.439804523,674.1337587
101,Male,58,181,94,20.3,57.41702151,4.835272762,676.2698513
102,Female,50,197,53,22.8,97.90288622,7.101986989,471.084388
102,Female,50,197,53,22.8,100.2265472,7.126210058,497.6651805
102,Female,50,197,53,22.8,99.53981823,7.456010737,482.1955355
102,Female,50,197,53,22.8,97.7616558,6.994942543,466.3533622
102,Female,50,197,53,22.8,96.22837232,6.968247799,492.1150168
102,Female,50,197,53,22.8,96.90078792,6.779843131,487.3522648
102,Female,50,197,53,22.8,96.28528695,7.310705486,483.7603227
102,Female,50,197,53,22.8,93.76655173,7.112105244,504.3815548
102,Female,50,197,53,22.8,98.04741475,6.991590741,459.2093476
102,Female,50,197,53,22.8,98.14543188,6.999662631,468.5751804
103,Female,57,174,85,18.5,48.61583707,5.85251134,880.7813793
103,Female,57,174,85,18.5,49.80587216,6.019784342,908.7318498
103,Female,57,174,85,18.5,48.30009847,5.87143802,915.8389431
103,Female,57,174,85,18.5,44.85741556,5.982355165,915.404028
103,Female,57,174,85,18.5,48.46129675,5.894498788,885.100506
103,Female,57,174,85,18.5,49.7036828,6.195503893,900.5391681
103,Female,57,174,85,18.5,49.25477053,5.639633251,894.0234416
103,Female,57,174,85,18.5,50.02708445,5.996214586,912.7406492
103,Female,57,174,85,18.5,49.82281399,5.897932489,899.8914285
103,Female,57,174,85,18.5,51.18788951,5.793056386,877.0107479
104,Female,56,189,55,28.5,38.76562114,13.85843093,450.5410323
104,Female,56,189,55,28.5,40.24743492,14.15715277,434.8553198
104,Female,56,189,55,28.5,41.77822531,14.01014264,444.4904406
104,Female,56,189,55,28.5,39.57273949,13.64799199,442.4193502
104,Female,56,189,55,28.5,38.51733135,14.28422648,441.0789124
104,Female,56,189,55,28.5,40.45430806,14.0645825,443.4201792
104,Female,56,189,55,28.5,42.21891748,14.2105345,454.8477084
104,Female,56,189,55,28.5,35.29958672,14.38245023,445.0013101
104,Female,56,189,55,28.5,38.1501938,14.28934956,427.2099218
104,Female,56,189,55,28.5,40.12538157,14.85561655,449.1736946
105,Female,35,194,80,19.5,104.7178041,4.239485253,403.7333608
105,Female,35,194,80,19.5,104.1089073,4.157244576,420.7044414
105,Female,35,194,80,19.5,101.3638623,4.097253933,420.647367
105,Female,35,194,80,19.5,103.5694133,4.258752342,408.4201737
105,Female,35,194,80,19.5,100.3692591,4.092823028,411.8646297
105,Female,35,194,80,19.5,104.8352258,3.981341212,386.0154928
105,Female,35,194,80,19.5,101.4224387,4.578277141,404.3024308
105,Female,35,194,80,19.5,102.6435504,4.314781455,425.6216699
105,Female,35,194,80,19.5,103.2687964,4.396479036,408.625285
105,Female,35,194,80,19.5,103.1719114,4.258461007,416.6644178
106,Female,57,150,68,25.4,63.68517751,11.4194616,444.7553805
106,Female,57,150,68,25.4,64.11302919,11.63279196,442.9208957
106,Female,57,150,68,25.4,70.13490338,11.47626506,460.2779454
106,Female,57,150,68,25.4,69.51962463,11.36247361,460.6714535
106,Female,57,150,68,25.4,65.386672,11.76853338,438.6306782
106,Female,57,150,68,25.4,66.45932561,11.64680538,440.8532379
106,Female,57,150,68,25.4,67.83474155,11.7114074,462.9897935
106,Female,57,150,68,25.4,66.7537647,11.61120665,445.0489807
106,Female,57,150,68,25.4,67.48358199,11.36484808,445.5272824
106,Female,57,150,68,25.4,68.19713499,11.14601064,437.4729816
107,Female,18,165,93,29.8,35.73761199,5.392506373,327.2869275
107,Female,18,165,93,29.8,34.40185416,5.414481938,325.136582
107,Female,18,165,93,29.8,37.54296145,5.819287907,332.8874298
107,Female,18,165,93,29.8,32.70871643,4.94615259,328.864734
107,Female,18,165,93,29.8,35.91036299,5.3101418,313.8774381
107,Female,18,165,93,29.8,36.58902899,5.30176597,325.4028741
107,Female,18,165,93,29.8,35.87818346,5.365552723,330.5685416
107,Female,18,165,93,29.8,35.65778328,5.246046088,330.4994374
107,Female,18,165,93,29.8,34.89842908,5.194291662,322.2877756
107,Female,18,165,93,29.8,39.94116934,5.708508471,304.1291556
108,Female,28,188,88,24.7,101.3199398,13.59108999,415.3206153
108,Female,28,188,88,24.7,97.6535071,13.53540801,405.2161329
108,Female,28,188,88,24.7,103.3510215,13.99992467,404.9565529
108,Female,28,188,88,24.7,104.7226269,13.57097578,438.2500228
108,Female,28,188,88,24.7,102.2176797,13.66547862,402.685812
108,Female,28,188,88,24.7,101.4506569,13.3453672,403.3034118
108,Female,28,188,88,24.7,100.5925178,13.66882357,417.5750597
108,Female,28,188,88,24.7,98.23853772,13.6690758,408.412601
108,Female,28,188,88,24.7,96.22093584,14.07438659,407.0443176
108,Female,28,188,88,24.7,100.6243844,13.54119649,420.957714
109,Female,45,154,76,29.1,51.5999,14.63703976,495.9290731
109,Female,45,154,76,29.1,52.62509976,14.48876097,514.7804289
109,Female,45,154,76,29.1,50.58544795,14.47639958,507.9251084
109,Female,45,154,76,29.1,54.20112289,14.4879604,507.1239196
109,Female,45,154,76,29.1,52.27852536,14.60846933,521.3471542
109,Female,45,154,76,29.1,52.2322201,14.36938886,493.6529313
109,Female,45,154,76,29.1,51.6534724,14.74674835,495.9309316
109,Female,45,154,76,29.1,52.67605378,14.52995774,486.0056305
109,Female,45,154,76,29.1,51.33381266,14.69732538,495.7605828
109,Female,45,154,76,29.1,52.2962656,14.55108054,503.7730939
110,Male,42,171,59,21.2,76.06098749,8.508310323,1015.746893
110,Male,42,171,59,21.2,74.56242633,8.314188034,996.9237908
110,Male,42,171,59,21.2,80.11514852,8.773954403,1023.136426
110,Male,42,171,59,21.2,72.28795706,8.660347058,969.3377471
110,Male,42,171,59,21.2,75.29536636,8.511698482,996.6311715
110,Male,42,171,59,21.2,74.91850909,8.640093952,1001.352395
110,Male,42,171,59,21.2,78.44760944,8.317549209,1006.536872
110,Male,42,171,59,21.2,78.9296644,8.476026135,990.2352955
110,Male,42,171,59,21.2,77.45394406,8.457763463,998.560026
110,Male,42,171,59,21.2,73.21872478,8.454085331,986.3907892
111,Female,40,178,75,27.2,119.2480367,13.5366834,387.8856841
111,Female,40,178,75,27.2,118.8903731,13.63046561,373.1593133
111,Female,40,178,75,27.2,119.6566001,13.31113886,376.4332042
111,Female,40,178,75,27.2,121.5473535,13.38600368,372.7802828
111,Female,40,178,75,27.2,118.0894763,13.23954306,388.2811172
111,Female,40,178,75,27.2,117.5155131,14.20159406,382.2982761
111,Female,40,178,75,27.2,121.6007389,13.45967519,380.912304
111,Female,40,178,75,27.2,121.6075815,13.83877494,375.2565006
111,Female,40,178,75,27.2,119.1913535,13.49725364,386.421543
111,Female,40,178,75,27.2,118.7682655,13.51265657,382.5566727
112,Male,48,152,68,24.6,76.66490775,3.106124815,258.1947919
112,Male,48,152,68,24.6,70.89985558,2.922736311,239.5403798
112,Male,48,152,68,24.6,75.44622521,3.343621379,248.1057007
112,Male,48,152,68,24.6,75.75124294,3.170790657,241.259333
112,Male,48,152,68,24.6,73.79347423,2.896206752,212.9691256
112,Male,48,152,68,24.6,75.93745844,3.080059049,241.3339904
112,Male,48,152,68,24.6,74.79963326,2.729292861,238.1710355
112,Male,48,152,68,24.6,77.22848591,3.161077007,235.5902127
112,Male,48,152,68,24.6,75.90675171,3.088256636,238.3785242
112,Male,48,152,68,24.6,74.26354383,3.100000098,251.7322807
113,Female,47,161,88,26.8,39.49481619,12.59109726,414.7958926
113,Female,47,161,88,26.8,42.23858737,12.76997332,406.2047102
113,Female,47,161,88,26.8,39.72126798,12.84993621,408.21398
113,Female,47,161,88,26.8,45.084981,12.70610416,404.5617259
113,Female,47,161,88,26.8,41.01712945,12.83096567,419.0948347
113,Female,47,161,88,26.8,41.83003609,12.86307393,421.023875
113,Female,47,161,88,26.8,41.80952761,12.87577225,421.2196857
113,Female,47,161,88,26.8,41.32146976,13.27954101,434.2359338
113,Female,47,161,88,26.8,42.11670303,12.66424485,412.1879176
113,Female,47,161,88,26.8,42.17343335,12.6941447,430.5574889
114,Female,59,175,52,19.2,119.6286446,5.810032121,379.4986933
114,Female,59,175,52,19.2,117.2991124,5.882251485,389.9157745
114,Female,59,175,52,19.2,120.4198213,5.881049854,369.5797582
114,Female,59,175,52,19.2,115.0464698,6.110628928,364.4560124
114,Female,59,175,52,19.2,120.5188383,5.417267028,376.9119827
114,Female,59,175,52,19.2,118.9240008,5.555965539,400.1896585
114,Female,59,175,52,19.2,119.4796674,5.84026342,379.2896437
114,Female,59,175,52,19.2,121.220875,5.750338918,396.5255724
114,Female,59,175,52,19.2,118.4901196,5.727007367,378.3161859
114,Female,59,175,52,19.2,123.6371384,5.573356764,389.7259479
115,Male,52,165,94,20.2,42.46444469,13.86554235,712.6889946
115,Male,52,165,94,20.2,40.7851396,14.26092648,695.41606
115,Male,52,165,94,20.2,42.18911703,13.87238545,691.2136718
115,Male,52,165,94,20.2,43.96167137,14.18810831,703.0098778
115,Male,52,165,94,20.2,42.375402,13.96885691,688.4888457
115,Male,52,165,94,20.2,41.44728884,13.40093847,678.3792501
115,Male,52,165,94,20.2,41.65529192,14.11262197,689.7335158
115,Male,52,165,94,20.2,39.40287798,13.58115927,668.6682542
115,Male,52,165,94,20.2,44.14378673,13.9279207,675.6345705
115,Male,52,165,94,20.2,41.61347095,13.72831209,706.8427766
116,Female,24,186,62,20,88.32484568,3.04245061,632.2215337
116,Female,24,186,62,20,92.45493204,2.772716263,641.897163
116,Female,24,186,62,20,91.51886826,3.06892107,625.6849883
116,Female,24,186,62,20,90.61292263,3.014537202,624.9984751
116,Female,24,186,62,20,92.25940057,3.128604322,617.1011923
116,Female,24,186,62,20,88.78719111,3.002743399,626.5492414
116,Female,24,186,62,20,87.0023388,2.579976425,621.5303398
116,Female,24,186,62,20,92.19806524,2.640886727,625.6829359
116,Female,24,186,62,20,95.98525907,2.986998843,643.2776664
116,Female,24,186,62,20,92.18971579,3.310363677,628.1783092
117,Male,33,171,99,26.4,110.5730252,9.778795017,360.0172716
117,Male,33,171,99,26.4,111.4799972,9.661624786,377.9868106
117,Male,33,171,99,26.4,113.0069157,9.540866179,372.8159568
117,Male,33,171,99,26.4,111.4644689,9.639302973,381.074853
117,Male,33,171,99,26.4,110.5820674,9.548864696,387.7179827
117,Male,33,171,99,26.4,112.3137406,9.954601752,376.1919129
117,Male,33,171,99,26.4,110.0758972,9.252571405,376.2217162
117,Male,33,171,99,26.4,108.4835682,9.786974671,369.8638596
117,Male,33,171,99,26.4,111.6711858,9.459132665,378.1950926
117,Male,33,171,99,26.4,110.3963516,9.205748074,401.553053
118,Female,43,178,77,28.2,118.5337567,12.10922536,624.3715988
118,Female,43,178,77,28.2,118.7390803,12.321327,634.1195765
118,Female,43,178,77,28.2,114.1135848,12.32182997,638.589188
118,Female,43,178,77,28.2,112.4632301,11.94026726,610.994461
118,Female,43,178,77,28.2,118.6196755,12.18873671,627.2003813
118,Female,43,178,77,28.2,119.2982219,12.3752016,621.4696208
118,Female,43,178,77,28.2,120.4421422,11.9194918,647.1208157
118,Female,43,178,77,28.2,118.8044693,11.97234559,625.0413625
118,Female,43,178,77,28.2,117.9167583,12.03867137,645.1818058
118,Female,43,178,77,28.2,120.7666044,12.12109523,634.7438762
119,Female,19,163,69,27.1,85.64318381,6.140166581,465.0025556
119,Female,19,163,69,27.1,88.17032268,6.188145031,496.566046
119,Female,19,163,69,27.1,90.13321964,5.683389157,507.5858733
119,Female,19,163,69,27.1,89.36699537,6.194196448,492.1745595
119,Female,19,163,69,27.1,86.07291235,5.920167213,480.3050871
119,Female,19,163,69,27.1,89.85360515,6.085423106,500.5243094
119,Female,19,163,69,27.1,92.95579564,5.647664719,494.9923835
119,Female,19,163,69,27.1,91.98307068,6.541843005,470.1724523
119,Female,19,163,69,27.1,85.05418843,6.190806686,506.5212203
119,Female,19,163,69,27.1,86.7725742,6.117952135,504.6123873
120,Male,18,177,77,18.9,69.16175857,5.37040839,336.4270934
120,Male,18,177,77,18.9,70.78140025,5.364509194,365.1151921
120,Male,18,177,77,18.9,74.20067814,5.427608918,364.497531
120,Male,18,177,77,18.9,73.11773718,5.760304241,333.3065146
120,Male,18,177,77,18.9,74.9386159,5.70278504,378.8950001
120,Male,18,177,77,18.9,69.94033958,5.539253318,362.0215383
120,Male,18,177,77,18.9,71.98353515,5.327269548,344.1060852
120,Male,18,177,77,18.9,71.85661036,5.26956002,352.1505919
120,Male,18,177,77,18.9,71.50318309,5.326736695,361.2940198
120,Male,18,177,77,18.9,71.81700737,5.330300779,343.0928718
121,Female,29,154,57,28.5,101.4112922,4.123634348,580.4803448
121,Female,29,154,57,28.5,104.269028,4.096627432,581.9166634
121,Female,29,154,57,28.5,108.7805097,3.642967481,599.9063217
121,Female,29,154,57,28.5,102.5640167,3.61351352,602.9604635
121,Female,29,154,57,28.5,106.1134471,4.077405466,587.1095669
121,Female,29,154,57,28.5,105.1461015,4.011929556,578.0257977
121,Female,29,154,57,28.5,105.1259334,3.987338096,582.781597
121,Female,29,154,57,28.5,106.0230456,4.248288317,586.125952
121,Female,29,154,57,28.5,106.2955218,3.798300128,585.4191241
121,Female,29,154,57,28.5,105.4144896,3.99189332,588.1390119
122,Male,22,196,90,22.6,97.49650878,6.924286149,833.087274
122,Male,22,196,90,22.6,96.00391605,6.922629953,821.8255369
122,Male,22,196,90,22.6,93.92073215,6.931413794,831.6432692
122,Male,22,196,90,22.6,95.78034416,6.739388696,834.8986585
122,Male,22,196,90,22.6,101.2062659,7.086024325,812.8937583
122,Male,22,196,90,22.6,96.38448494,6.627230566,839.3047216
122,Male,22,196,90,22.6,94.26411467,7.073733914,819.7542398
122,Male,22,196,90,22.6,97.86743067,7.084047544,837.9373175
122,Male,22,196,90,22.6,97.6931617,6.711557711,827.3669469
122,Male,22,196,90,22.6,97.84705871,7.192071444,829.0677486
123,Female,54,198,88,23.1,33.26161727,9.753128803,499.1032068
123,Female,54,198,88,23.1,34.73916499,9.443919442,517.1758101
123,Female,54,198,88,23.1,33.80582264,9.688844567,504.5930514
123,Female,54,198,88,23.1,34.02461876,9.695307242,501.9244792
123,Female,54,198,88,23.1,30.43999403,9.756090069,492.9994416
123,Female,54,198,88,23.1,31.81586737,9.711383988,513.8973172
123,Female,54,198,88,23.1,34.51508666,9.668053248,504.9222832
123,Female,54,198,88,23.1,33.69439137,9.801333429,500.8819842
123,Female,54,198,88,23.1,35.45773477,10.16824266,508.7783621
123,Female,54,198,88,23.1,33.8099434,9.481264354,503.3314632
124,Male,49,179,50,19.7,66.20304964,4.430879844,539.0049794
124,Male,49,179,50,19.7,68.05702216,4.404880814,552.3515855
124,Male,49,179,50,19.7,66.20029126,4.607634541,538.5053141
124,Male,49,179,50,19.7,65.95692192,4.473302974,526.7566323
124,Male,49,179,50,19.7,68.80876396,4.613313113,536.7800071
124,Male,49,179,50,19.7,66.21385183,4.367015727,542.5143621
124,Male,49,179,50,19.7,70.96697505,4.135207593,528.9447468
124,Male,49,179,50,19.7,66.31071528,4.079293944,528.0635566
124,Male,49,179,50,19.7,64.80845819,4.678928204,527.3866379
124,Male,49,179,50,19.7,66.0014507,4.473545032,534.753935
125,Male,26,195,52,27,101.3252099,7.603401508,937.0177038
125,Male,26,195,52,27,100.6027814,7.58660739,955.1790608
125,Male,26,195,52,27,99.98416607,7.171361151,959.5168507
125,Male,26,195,52,27,101.5247901,7.569712877,949.3289733
125,Male,26,195,52,27,100.8073357,7.365467077,939.0635385
125,Male,26,195,52,27,100.296779,7.544927301,944.3338914
125,Male,26,195,52,27,100.363994,7.759887033,948.8008052
125,Male,26,195,52,27,106.046694,7.397512759,938.5087452
125,Male,26,195,52,27,98.98228972,7.811765109,963.890447
125,Male,26,195,52,27,101.3917531,7.447799963,944.8530624
126,Female,58,154,62,20.6,57.91905389,3.236714647,556.9133918
126,Female,58,154,62,20.6,60.20615256,2.906231104,589.112344
126,Female,58,154,62,20.6,58.20658939,3.143667719,564.5417145
126,Female,58,154,62,20.6,58.71519233,2.808487206,599.6190831
126,Female,58,154,62,20.6,59.87145837,3.199867921,559.9367196
126,Female,58,154,62,20.6,59.90778976,3.078922903,570.0742685
126,Female,58,154,62,20.6,56.3672343,3.360833906,547.5799514
126,Female,58,154,62,20.6,57.81907799,3.12611375,574.3327864
126,Female,58,154,62,20.6,61.12138039,3.150165419,573.3159441
126,Female,58,154,62,20.6,62.49768756,2.978884869,575.004405
127,Female,52,161,77,25,36.86851929,12.99029596,208.6286161
127,Female,52,161,77,25,38.69506803,13.34151586,204.8022462
127,Female,52,161,77,25,37.66377179,12.8399557,207.1215356
127,Female,52,161,77,25,37.3441772,12.86544389,215.0614838
127,Female,52,161,77,25,36.63139658,12.91801954,192.8794706
127,Female,52,161,77,25,37.79454895,12.85354129,217.5191635
127,Female,52,161,77,25,35.25380536,12.72861321,180.7436921
127,Female,52,161,77,25,36.20241912,12.85359984,220.8093101
127,Female,52,161,77,25,40.66466798,12.79744665,203.5323644
127,Female,52,161,77,25,38.12501714,12.79767726,203.5538743
128,Male,36,165,98,28.2,77.28999282,4.726252392,528.2970483
128,Male,36,165,98,28.2,79.49925663,4.536475625,537.4772494
128,Male,36,165,98,28.2,83.68323317,4.383447024,535.782813
128,Male,36,165,98,28.2,80.06536036,4.545007725,536.9728589
128,Male,36,165,98,28.2,79.06086142,4.745684506,551.3596571
128,Male,36,165,98,28.2,82.44896518,4.398557645,524.3519113
128,Male,36,165,98,28.2,79.76030422,4.480268851,533.2156324
128,Male,36,165,98,28.2,77.09441793,4.540650685,541.1867054
128,Male,36,165,98,28.2,79.46598116,4.573206079,516.616074
128,Male,36,165,98,28.2,79.66223367,4.62513252,545.0491995
129,Female,33,175,74,19.5,56.61763308,6.31949253,333.7152745
129,Female,33,175,74,19.5,55.93604611,6.635167073,333.8758127
129,Female,33,175,74,19.5,60.63079718,6.232167139,310.7160221
129,Female,33,175,74,19.5,58.28629159,6.42257281,315.3368008
129,Female,33,175,74,19.5,56.59331711,6.279773638,336.1767673
129,Female,33,175,74,19.5,55.85585203,6.281025252,315.5868254
129,Female,33,175,74,19.5,58.51429738,6.48739622,309.1509679
129,Female,33,175,74,19.5,58.3710815,6.394647686,322.8121121
129,Female,33,175,74,19.5,55.91958909,6.543318233,323.0101236
129,Female,33,175,74,19.5,60.42975543,6.587051177,336.0010967
130,Female,20,175,82,24.7,107.0628796,3.337123368,980.5244289
130,Female,20,175,82,24.7,107.1554454,3.366399342,964.4685245
130,Female,20,175,82,24.7,108.6993155,3.308372667,964.9501786
130,Female,20,175,82,24.7,108.9784409,3.301834407,969.3988282
130,Female,20,175,82,24.7,106.0837128,3.079435201,958.0501714
130,Female,20,175,82,24.7,106.5210341,3.113778639,956.55279
130,Female,20,175,82,24.7,104.488148,3.360426637,964.2150275
130,Female,20,175,82,24.7,104.8446427,3.244515557,961.3805782
130,Female,20,175,82,24.7,106.9721181,2.871393419,981.2403172
130,Female,20,175,82,24.7,105.980363,3.181789845,982.9587189
131,Female,37,197,87,21.2,72.89714696,8.507793818,882.7467591
131,Female,37,197,87,21.2,68.56465656,8.236326267,855.5580793
131,Female,37,197,87,21.2,68.41622551,8.55991417,865.2488629
131,Female,37,197,87,21.2,71.68021036,7.932647393,869.4606607
131,Female,37,197,87,21.2,68.61263408,8.125054016,869.811107
131,Female,37,197,87,21.2,66.98708706,7.941026303,897.6783482
131,Female,37,197,87,21.2,69.10340678,8.219945108,868.3087279
131,Female,37,197,87,21.2,67.81535863,8.484812051,863.0855408
131,Female,37,197,87,21.2,69.96816304,8.298578322,860.5250095
131,Female,37,197,87,21.2,70.98955201,8.408325365,864.5995859
132,Male,41,170,55,22.4,65.97408264,13.52751859,561.8816074
132,Male,41,170,55,22.4,70.07881699,13.09499124,549.9716148
132,Male,41,170,55,22.4,67.33334015,13.18044246,568.083524
132,Male,41,170,55,22.4,67.18499024,13.22045539,559.4047824
132,Male,41,170,55,22.4,70.65320489,13.47380313,555.2027733
132,Male,41,170,55,22.4,69.6780276,13.08289836,542.1018479
132,Male,41,170,55,22.4,70.72007378,12.61001653,538.2541748
132,Male,41,170,55,22.4,69.33319786,13.09120756,542.9801564
132,Male,41,170,55,22.4,67.92664682,13.1035455,549.461086
132,Male,41,170,55,22.4,74.29271244,12.94679923,540.2516726
133,Male,50,188,93,24,114.9801024,7.747042977,553.4302762
133,Male,50,188,93,24,117.119334,8.16403513,575.9140207
133,Male,50,188,93,24,118.3607524,7.845810553,543.8932923
133,Male,50,188,93,24,115.8432415,7.793726864,542.0161033
133,Male,50,188,93,24,115.2349954,7.74111564,562.9917093
133,Male,50,188,93,24,119.5963649,8.172084042,537.4791147
133,Male,50,188,93,24,114.4247171,8.087475575,528.9948283
133,Male,50,188,93,24,113.2342337,7.967195234,556.1426788
133,Male,50,188,93,24,114.159799,7.555763942,568.3143389
133,Male,50,188,93,24,114.9167895,7.745801932,571.2656393
134,Male,41,185,94,22.6,39.16078397,5.147814575,709.3324941
134,Male,41,185,94,22.6,36.60841205,5.065423772,690.9648674
134,Male,41,185,94,22.6,39.84678903,5.199905775,718.3435001
134,Male,41,185,94,22.6,38.612533,4.952582162,725.8610351
134,Male,41,185,94,22.6,37.53205074,5.343379871,712.3255332
134,Male,41,185,94,22.6,39.21762123,5.40091822,719.4615703
134,Male,41,185,94,22.6,39.26666051,5.233563232,696.8246077
134,Male,41,185,94,22.6,37.0503338,5.628839132,706.2679359
134,Male,41,185,94,22.6,42.90671733,5.135887041,703.7295306
134,Male,41,185,94,22.6,38.92599061,5.562085479,695.4888084
135,Male,28,182,81,26,54.03609753,11.79001627,690.5913361
135,Male,28,182,81,26,51.19590002,11.78198305,679.5148821
135,Male,28,182,81,26,48.90115438,12.2138007,704.9717894
135,Male,28,182,81,26,51.82678197,12.12319515,682.2956337
135,Male,28,182,81,26,51.81624746,11.53889765,710.0854226
135,Male,28,182,81,26,53.19287911,12.25217472,677.9010182
135,Male,28,182,81,26,51.70825326,11.95187106,671.8371114
135,Male,28,182,81,26,54.77508223,11.86584173,675.9579488
135,Male,28,182,81,26,49.66067171,12.48153607,674.9023865
135,Male,28,182,81,26,51.43285966,11.80120163,699.1345087
136,Male,25,179,94,24,28.6405743,12.91977092,277.1393062
136,Male,25,179,94,24,33.42736147,12.90025694,305.7021046
136,Male,25,179,94,24,25.20572036,12.03468138,275.7025735
136,Male,25,179,94,24,29.05366226,12.72566059,301.213496
136,Male,25,179,94,24,29.37468954,12.40783988,282.0386033
136,Male,25,179,94,24,27.20382649,12.5811715,290.4178945
136,Male,25,179,94,24,32.68940936,12.26064612,265.5596636
136,Male,25,179,94,24,31.79717636,12.72390961,266.1962467
136,Male,25,179,94,24,29.4155978,12.68580154,265.2295692
136,Male,25,179,94,24,29.88695545,12.54059141,282.6851375
137,Male,53,186,96,25.2,74.86891197,5.174583762,383.2347438
137,Male,53,186,96,25.2,74.43980837,4.927009253,370.2411896
137,Male,53,186,96,25.2,75.68758938,5.022046621,364.0261315
137,Male,53,186,96,25.2,73.23128924,5.194323936,367.7597295
137,Male,53,186,96,25.2,78.00945976,5.193179938,394.6973857
137,Male,53,186,96,25.2,75.59866865,5.088380494,386.0695993
137,Male,53,186,96,25.2,73.14667889,5.043863519,376.2946853
137,Male,53,186,96,25.2,72.20631082,4.971084132,378.6974244
137,Male,53,186,96,25.2,75.06575693,5.114082698,374.9297517
137,Male,53,186,96,25.2,71.83677298,5.284419569,383.0605733
138,Male,55,172,70,27,50.31841551,12.27556472,393.5076582
138,Male,55,172,70,27,50.43141612,12.32001709,384.1436027
138,Male,55,172,70,27,49.18329109,12.34799991,399.7617407
138,Male,55,172,70,27,53.62653894,11.96974712,383.0246166
138,Male,55,172,70,27,47.97370876,12.16582964,376.4962453
138,Male,55,172,70,27,51.75088632,12.21163246,373.5183672
138,Male,55,172,70,27,53.97978357,11.84578629,363.6474297
138,Male,55,172,70,27,49.69773524,12.42705712,410.0186447
138,Male,55,172,70,27,50.31858469,12.19024601,391.400668
138,Male,55,172,70,27,45.79250856,12.71197486,411.6910863
139,Male,57,159,65,24.9,119.196339,14.42548647,506.7500882
139,Male,57,159,65,24.9,118.7333975,14.34673716,505.5982421
139,Male,57,159,65,24.9,114.7916798,14.77404022,507.0360629
139,Male,57,159,65,24.9,116.6513596,14.35313725,512.2244658
139,Male,57,159,65,24.9,119.8578964,14.42742499,505.1074923
139,Male,57,159,65,24.9,119.0913276,14.32324553,510.0285651
139,Male,57,159,65,24.9,118.6321217,14.39369079,509.6224313
139,Male,57,159,65,24.9,115.4144272,14.83911982,505.1784176
139,Male,57,159,65,24.9,119.0936793,14.30212974,505.4740125
139,Male,57,159,65,24.9,120.2588189,14.0623493,495.0716132
140,Male,37,154,70,25.2,65.11460719,5.019882005,315.0627194
140,Male,37,154,70,25.2,68.01646834,4.91367724,327.3792657
140,Male,37,154,70,25.2,67.87744353,5.123666901,306.6814435
140,Male,37,154,70,25.2,64.18818853,5.026451661,313.1667227
140,Male,37,154,70,25.2,62.97416272,4.949518826,310.2121655
140,Male,37,154,70,25.2,63.77984812,4.90532393,322.4876937
140,Male,37,154,70,25.2,64.41356451,4.954802886,307.3340238
140,Male,37,154,70,25.2,63.92854762,4.889230031,325.8383399
140,Male,37,154,70,25.2,64.3354192,5.245834362,302.6544574
140,Male,37,154,70,25.2,66.31132959,4.920847427,298.8812718
141,Female,52,185,60,25,83.02210113,12.22425448,415.5558473
141,Female,52,185,60,25,83.34781449,12.26258455,424.5096154
141,Female,52,185,60,25,83.48046158,12.27281873,414.7710802
141,Female,52,185,60,25,85.2214106,12.21155633,435.571521
141,Female,52,185,60,25,78.21091749,11.84534239,414.0551978
141,Female,52,185,60,25,80.81121782,11.78125676,420.1039827
141,Female,52,185,60,25,79.17914042,11.89618804,407.8788341
141,Female,52,185,60,25,86.08091082,12.53667757,390.8387276
141,Female,52,185,60,25,83.40236013,12.21802439,419.1249522
141,Female,52,185,60,25,80.80612968,12.04839111,429.8811871
142,Male,42,183,86,22.9,120.3732793,11.95973325,604.8238008
142,Male,42,183,86,22.9,112.1499467,11.40828828,634.3887022
142,Male,42,183,86,22.9,114.074414,11.92806424,638.988615
142,Male,42,183,86,22.9,116.9548778,11.30985055,627.4818948
142,Male,42,183,86,22.9,116.3259289,11.43900468,620.0377981
142,Male,42,183,86,22.9,113.9816002,12.29553674,623.2815213
142,Male,42,183,86,22.9,115.7087517,11.53204268,635.8796114
142,Male,42,183,86,22.9,113.4493337,11.65124282,598.4059587
142,Male,42,183,86,22.9,117.7326967,11.4254367,611.660238
142,Male,42,183,86,22.9,114.2993171,11.59969235,615.6449522
143,Female,52,180,85,22.4,87.22947446,8.424141583,617.4830368
143,Female,52,180,85,22.4,87.76762994,8.812380741,604.1300581
143,Female,52,180,85,22.4,86.23571203,8.704731096,607.9118791
143,Female,52,180,85,22.4,89.40545891,8.263047646,597.6846063
143,Female,52,180,85,22.4,84.12348778,8.62598738,627.4557344
143,Female,52,180,85,22.4,84.81621597,8.639730681,617.7672094
143,Female,52,180,85,22.4,85.37867342,8.445540336,631.1343
143,Female,52,180,85,22.4,87.87633499,8.464417316,635.9463069
143,Female,52,180,85,22.4,83.79852548,8.930857721,595.896235
143,Female,52,180,85,22.4,84.72477758,9.08989342,595.9550466
144,Female,42,159,84,28.8,32.19623604,3.805352672,328.2756413
144,Female,42,159,84,28.8,29.06106868,3.495450258,317.0848491
144,Female,42,159,84,28.8,30.72700392,3.775008035,320.5440055
144,Female,42,159,84,28.8,28.50158139,3.684410569,316.2364465
144,Female,42,159,84,28.8,32.44879408,3.560438633,331.8761578
144,Female,42,159,84,28.8,30.92379429,3.571637093,292.6553878
144,Female,42,159,84,28.8,29.69252877,3.281567984,319.4052542
144,Female,42,159,84,28.8,29.45658988,3.809964637,319.0312059
144,Female,42,159,84,28.8,32.42084429,3.525458152,300.5611591
144,Female,42,159,84,28.8,29.97623088,3.719240079,317.5883496
145,Female,46,168,68,25.5,90.0654859,4.110408134,314.8352473
145,Female,46,168,68,25.5,92.89193861,3.88003381,353.6443742
145,Female,46,168,68,25.5,91.8033258,3.909644922,345.8457388
145,Female,46,168,68,25.5,91.5341189,3.9316907,332.7445565
145,Female,46,168,68,25.5,92.25431359,3.993536567,353.8393797
145,Female,46,168,68,25.5,92.29536479,3.878334172,340.0842463
145,Female,46,168,68,25.5,91.214233,4.27921622,342.9567712
145,Female,46,168,68,25.5,93.98718214,3.9794448,329.0356765
145,Female,46,168,68,25.5,93.06836926,3.378026251,359.9282299
145,Female,46,168,68,25.5,95.29887943,4.207627071,343.0985273
146,Male,35,181,69,21.3,84.05560781,12.99070703,720.5268017
146,Male,35,181,69,21.3,82.24273789,13.39562141,732.6796515
146,Male,35,181,69,21.3,80.90097653,13.58267226,734.0627957
146,Male,35,181,69,21.3,84.60246322,13.08275756,733.0356621
146,Male,35,181,69,21.3,84.61586732,12.79941495,753.511364
146,Male,35,181,69,21.3,82.07481843,13.0616413,743.8571543
146,Male,35,181,69,21.3,83.21265258,13.33170466,731.1440661
146,Male,35,181,69,21.3,82.93184192,13.23430858,720.5954121
146,Male,35,181,69,21.3,84.16857813,13.19604768,736.9838464
146,Male,35,181,69,21.3,79.0954831,12.74255797,714.0714531
147,Male,63,150,67,24.2,86.50852272,14.76285141,854.5403096
147,Male,63,150,67,24.2,84.51939071,14.83627155,842.7665412
147,Male,63,150,67,24.2,84.46163693,14.72491706,842.6414455
147,Male,63,150,67,24.2,83.05580562,15.26430995,845.5395045
147,Male,63,150,67,24.2,82.81183536,14.67473098,846.68622
147,Male,63,150,67,24.2,85.84133675,14.74721401,850.8547038
147,Male,63,150,67,24.2,84.72471562,15.16790708,845.736934
147,Male,63,150,67,24.2,82.81823482,14.77496345,836.4534119
147,Male,63,150,67,24.2,86.411238,15.13253026,849.6824203
147,Male,63,150,67,24.2,81.70225217,14.88920559,856.9712259
148,Male,35,154,96,22.3,71.99195889,10.89325631,518.6516816
148,Male,35,154,96,22.3,69.24225365,10.72980876,487.7555572
148,Male,35,154,96,22.3,70.86446267,10.94406451,502.0577329
148,Male,35,154,96,22.3,68.77331565,11.12744233,502.4913967
148,Male,35,154,96,22.3,68.20139463,11.42295564,479.9097844
148,Male,35,154,96,22.3,69.15428742,10.88849003,494.2612854
148,Male,35,154,96,22.3,71.6454644,10.77479929,472.0266023
148,Male,35,154,96,22.3,69.44172482,11.56667971,519.2806106
148,Male,35,154,96,22.3,66.4739321,11.47493338,501.1863145
148,Male,35,154,96,22.3,67.33556252,11.29846323,512.3352632
149,Male,19,194,90,29.2,45.30727978,8.084141742,961.9693106
149,Male,19,194,90,29.2,43.40406977,8.274626828,941.4885039
149,Male,19,194,90,29.2,41.9268454,8.728374125,923.9360836
149,Male,19,194,90,29.2,44.45406012,8.349228662,946.104988
149,Male,19,194,90,29.2,43.06166092,8.072085122,913.1225434
149,Male,19,194,90,29.2,45.48695047,8.453392045,922.815763
149,Male,19,194,90,29.2,42.91723815,8.597082317,927.3444153
149,Male,19,194,90,29.2,43.4575518,8.278213527,958.2649933
149,Male,19,194,90,29.2,42.81008054,7.971498126,959.3108071
149,Male,19,194,90,29.2,44.73951325,8.068002637,977.067645
150,Female,52,153,98,18.6,50.79297262,10.57443855,782.8508189
150,Female,52,153,98,18.6,48.62948958,10.93073588,781.079319
150,Female,52,153,98,18.6,51.81596218,10.46945567,783.7731063
150,Female,52,153,98,18.6,49.47265999,10.53566102,794.8906734
150,Female,52,153,98,18.6,50.21703261,10.58453267,786.9803562
150,Female,52,153,98,18.6,53.90033341,10.48711109,767.5638712
150,Female,52,153,98,18.6,49.4681381,10.35016002,792.4946794
150,Female,52,153,98,18.6,51.31524185,10.84483003,771.009111
150,Female,52,153,98,18.6,49.37399522,11.12727587,802.8434293
150,Female,52,153,98,18.6,49.40196042,10.73389329,785.9366604
151,Male,33,165,63,21.1,76.0868609,10.30657706,531.699343
151,Male,33,165,63,21.1,76.29722077,9.908028245,550.1263464
151,Male,33,165,63,21.1,77.85576714,10.01050637,552.2841118
151,Male,33,165,63,21.1,76.47208117,10.3288526,567.1924495
151,Male,33,165,63,21.1,75.5128539,10.02307361,545.6055638
151,Male,33,165,63,21.1,75.69098258,10.21446773,546.1217294
151,Male,33,165,63,21.1,76.97573155,9.747872728,528.4910013
151,Male,33,165,63,21.1,77.17284005,10.47144192,550.6441998
151,Male,33,165,63,21.1,75.97587709,10.09275906,542.7124067
151,Male,33,165,63,21.1,75.23709445,10.09207658,558.6411182
152,Male,58,173,64,22.7,98.66114126,7.68765649,201.0871658
152,Male,58,173,64,22.7,106.4571269,7.886494909,203.5760114
152,Male,58,173,64,22.7,105.357061,7.700814287,174.077198
152,Male,58,173,64,22.7,103.3836573,7.205506163,170.6060277
152,Male,58,173,64,22.7,98.86507147,7.641362378,195.270461
152,Male,58,173,64,22.7,101.9151188,7.465345675,191.4499297
152,Male,58,173,64,22.7,101.9910194,7.61266129,198.1016547
152,Male,58,173,64,22.7,101.9067138,7.591447486,202.1042028
152,Male,58,173,64,22.7,101.0119557,7.631283862,203.9114657
152,Male,58,173,64,22.7,104.7616064,7.490119387,201.0022543
153,Male,53,165,80,24.1,81.97488595,3.791378558,344.9713578
153,Male,53,165,80,24.1,78.53595705,3.953001202,346.5856424
153,Male,53,165,80,24.1,78.18464764,3.811370497,346.8288402
153,Male,53,165,80,24.1,79.17522644,3.750730685,352.7393243
153,Male,53,165,80,24.1,81.76908158,3.81065495,348.9423033
153,Male,53,165,80,24.1,82.52644948,3.914064339,352.6463551
153,Male,53,165,80,24.1,80.70408726,3.961773411,357.32525
153,Male,53,165,80,24.1,78.88013183,3.499719571,346.2741571
153,Male,53,165,80,24.1,83.21696759,4.060149304,327.643201
153,Male,53,165,80,24.1,77.76269298,4.023377756,322.8314406
154,Male,50,151,50,28.3,42.37146405,12.55307469,463.0004582
154,Male,50,151,50,28.3,38.52447255,12.77263492,483.3439225
154,Male,50,151,50,28.3,38.16096564,12.80817447,485.5628747
154,Male,50,151,50,28.3,38.12476828,12.3318477,471.6635212
154,Male,50,151,50,28.3,37.59572876,12.85762737,478.8958442
154,Male,50,151,50,28.3,37.49505139,12.96253768,475.5689323
154,Male,50,151,50,28.3,35.07920485,12.95456886,479.8095837
154,Male,50,151,50,28.3,37.60814711,13.20261508,479.3813161
154,Male,50,151,50,28.3,38.22729268,12.98695521,480.6490715
154,Male,50,151,50,28.3,37.74647786,12.35847752,494.7847975
155,Male,21,198,52,19.5,100.3151193,7.722754015,851.3941607
155,Male,21,198,52,19.5,105.1989287,7.585681463,873.0401981
155,Male,21,198,52,19.5,105.8527446,7.167289516,877.3626221
155,Male,21,198,52,19.5,103.2669494,7.471710429,856.703172
155,Male,21,198,52,19.5,103.5178661,7.468027524,847.5217515
155,Male,21,198,52,19.5,105.0905081,7.162349832,832.2774024
155,Male,21,198,52,19.5,105.548457,7.958331754,845.2498021
155,Male,21,198,52,19.5,106.030467,7.80119957,872.8730662
155,Male,21,198,52,19.5,102.6907748,7.477101076,860.8078396
155,Male,21,198,52,19.5,100.9017322,7.587456288,852.4115882
156,Female,50,177,65,27.8,77.38310605,12.69139865,261.0682606
156,Female,50,177,65,27.8,84.4473119,12.64954535,234.1969206
156,Female,50,177,65,27.8,80.96399099,12.87533652,247.5893164
156,Female,50,177,65,27.8,81.47669465,12.82595535,254.502692
156,Female,50,177,65,27.8,82.62792937,12.84053374,261.4586673
156,Female,50,177,65,27.8,79.54268716,13.11736481,265.4809267
156,Female,50,177,65,27.8,79.11009217,12.90523038,247.0703588
156,Female,50,177,65,27.8,81.15575203,12.79382983,249.6577344
156,Female,50,177,65,27.8,82.15154024,12.52748275,241.8024979
156,Female,50,177,65,27.8,80.65277427,12.89380272,262.2759676
157,Male,31,181,72,19.1,86.3254004,6.036791404,500.1618146
157,Male,31,181,72,19.1,85.99209355,6.070552906,503.6309568
157,Male,31,181,72,19.1,83.88858899,6.045460385,483.0989832
157,Male,31,181,72,19.1,86.64437643,5.947837003,499.5561908
157,Male,31,181,72,19.1,88.95675423,5.763031661,497.1844661
157,Male,31,181,72,19.1,87.79080104,6.132364998,502.8864495
157,Male,31,181,72,19.1,85.71053811,6.17141546,515.7051813
157,Male,31,181,72,19.1,84.71343008,6.02053901,513.8017683
157,Male,31,181,72,19.1,84.17943554,6.428019446,513.3959478
157,Male,31,181,72,19.1,88.18318552,6.102213987,507.1998584
158,Female,38,176,60,28.2,50.95510221,3.42033948,267.0934465
158,Female,38,176,60,28.2,54.74309016,2.995625453,265.8491426
158,Female,38,176,60,28.2,54.3352579,2.956947741,250.2255108
158,Female,38,176,60,28.2,54.19550209,2.949801988,267.8377824
158,Female,38,176,60,28.2,52.3888748,2.758776044,250.2867203
158,Female,38,176,60,28.2,56.9446227,2.969961356,254.4812802
158,Female,38,176,60,28.2,55.35293888,2.954765344,262.5129745
158,Female,38,176,60,28.2,56.65952893,2.8833957,272.7954761
158,Female,38,176,60,28.2,57.04290673,3.020007675,264.6746015
158,Female,38,176,60,28.2,54.93564806,2.982012832,270.8681125
159,Male,37,169,61,19.1,70.97752281,4.885804285,566.6843497
159,Male,37,169,61,19.1,71.77202645,5.149708683,541.4028166
159,Male,37,169,61,19.1,70.51315143,5.013920668,555.0350355
159,Male,37,169,61,19.1,73.33294556,5.132981446,546.7660068
159,Male,37,169,61,19.1,70.60537895,4.872623425,567.2155167
159,Male,37,169,61,19.1,71.15944524,4.928896645,575.4500179
159,Male,37,169,61,19.1,71.43330223,4.776146616,570.4859859
159,Male,37,169,61,19.1,65.12431594,4.841140403,582.4013525
159,Male,37,169,61,19.1,69.71320626,4.78487659,577.4757199
159,Male,37,169,61,19.1,74.55294144,5.409338751,563.8742115
160,Female,25,173,59,18.7,62.02554876,8.448373872,799.9809792
160,Female,25,173,59,18.7,63.33886308,8.55379587,801.9940082
160,Female,25,173,59,18.7,63.02129052,8.316458298,780.2528845
160,Female,25,173,59,18.7,63.20029443,8.659819957,806.7826131
160,Female,25,173,59,18.7,62.41915204,8.761597622,811.7001751
160,Female,25,173,59,18.7,61.6205102,8.679680638,790.704293
160,Female,25,173,59,18.7,64.21776684,8.614031409,799.6609309
160,Female,25,173,59,18.7,59.4620269,8.790715182,805.245534
160,Female,25,173,59,18.7,66.40822161,8.994090466,816.8679721
160,Female,25,173,59,18.7,59.18426964,8.45080814,805.1277625
161,Male,24,161,81,26.5,91.89100258,14.18728606,415.3596295
161,Male,24,161,81,26.5,96.10733261,13.86057816,439.9417552
161,Male,24,161,81,26.5,95.64795922,13.92940482,407.1452569
161,Male,24,161,81,26.5,87.94296656,14.79462001,423.1274333
161,Male,24,161,81,26.5,90.4726113,14.08902281,421.6415432
161,Male,24,161,81,26.5,91.78910735,14.35868432,412.3388803
161,Male,24,161,81,26.5,88.00825958,14.63347441,419.8297482
161,Male,24,161,81,26.5,90.9315392,14.52113513,429.4999489
161,Male,24,161,81,26.5,91.13425958,14.76120065,428.0239155
161,Male,24,161,81,26.5,94.93869537,14.04512547,412.8937168
162,Male,20,199,65,30,52.66290042,4.281083778,911.8733285
162,Male,20,199,65,30,51.31404389,4.378360355,887.9930742
162,Male,20,199,65,30,56.3163198,4.437048662,907.0270247
162,Male,20,199,65,30,54.48315477,4.387015055,922.2902779
162,Male,20,199,65,30,53.34360157,4.158839432,923.9188673
162,Male,20,199,65,30,51.95517624,3.957202456,900.1152773
162,Male,20,199,65,30,52.72671949,4.424239786,913.6155684
162,Male,20,199,65,30,54.31253419,4.249832048,899.7930065
162,Male,20,199,65,30,55.15227381,4.175275311,910.2168354
162,Male,20,199,65,30,52.58979735,4.137134073,904.2334653
163,Female,34,184,57,28.8,117.3526214,13.5414078,792.2996321
163,Female,34,184,57,28.8,122.5355239,13.0841294,770.9844455
163,Female,34,184,57,28.8,122.5817174,12.83327615,785.1470558
163,Female,34,184,57,28.8,119.091155,13.17073952,766.6680664
163,Female,34,184,57,28.8,121.0958676,13.10904594,783.5640032
163,Female,34,184,57,28.8,119.9582807,13.23098085,782.4450583
163,Female,34,184,57,28.8,118.9446656,13.18937546,779.3281153
163,Female,34,184,57,28.8,119.5318417,13.26735353,774.9525257
163,Female,34,184,57,28.8,119.0580014,13.28393043,772.4930179
163,Female,34,184,57,28.8,117.8122624,13.17352822,775.34862
164,Female,50,182,87,25.1,103.454417,9.592633,768.4116848
164,Female,50,182,87,25.1,100.4164622,9.376734385,809.3471442
164,Female,50,182,87,25.1,104.6688499,9.32716119,788.8269418
164,Female,50,182,87,25.1,103.7948885,9.563813565,779.7518878
164,Female,50,182,87,25.1,99.09346196,9.775341614,764.1406083
164,Female,50,182,87,25.1,108.9622898,8.97547415,802.0565495
164,Female,50,182,87,25.1,105.2941244,8.906718486,780.4015258
164,Female,50,182,87,25.1,106.3443026,9.2369117,786.3412738
164,Female,50,182,87,25.1,104.0231091,9.29877552,776.129183
164,Female,50,182,87,25.1,108.4642459,9.622013002,760.5743173
165,Female,29,182,61,29.1,69.29832231,13.11948726,351.2964647
165,Female,29,182,61,29.1,66.81581081,12.94241352,357.7783775
165,Female,29,182,61,29.1,68.22705916,12.56725769,369.1369164
165,Female,29,182,61,29.1,65.5255284,13.08331086,352.8647229
165,Female,29,182,61,29.1,69.21601882,12.47868904,381.8816987
165,Female,29,182,61,29.1,67.19383289,12.46874301,366.2137573
165,Female,29,182,61,29.1,68.14840455,12.53837861,346.4849729
165,Female,29,182,61,29.1,65.21650507,13.06088822,366.5171656
165,Female,29,182,61,29.1,65.90160341,12.87029121,369.2993551
165,Female,29,182,61,29.1,64.94871757,12.69575233,368.5819669
166,Male,39,192,73,18.6,30.38552092,6.614804435,875.1646183
166,Male,39,192,73,18.6,30.3898208,6.526296192,887.3827267
166,Male,39,192,73,18.6,31.15528573,6.623564631,884.0943356
166,Male,39,192,73,18.6,35.57009026,7.015299002,897.0477955
166,Male,39,192,73,18.6,30.18334759,6.563609297,880.9565516
166,Male,39,192,73,18.6,31.31161761,6.559377979,884.0936389
166,Male,39,192,73,18.6,31.52938086,6.757779846,894.0626863
166,Male,39,192,73,18.6,29.82801415,6.343639849,869.6854087
166,Male,39,192,73,18.6,29.23224141,6.527291807,867.6175431
166,Male,39,192,73,18.6,29.27162131,6.488957656,865.4714715
167,Female,39,186,77,29.7,35.47411618,13.20412011,280.395671
167,Female,39,186,77,29.7,36.38457734,13.05058202,292.0943341
167,Female,39,186,77,29.7,36.71821009,12.9904769,295.1610579
167,Female,39,186,77,29.7,36.54037816,13.10728539,279.7674808
167,Female,39,186,77,29.7,37.01667244,13.03219139,278.2804502
167,Female,39,186,77,29.7,36.84524437,13.13399873,283.9723804
167,Female,39,186,77,29.7,35.70763983,13.04979204,290.1438946
167,Female,39,186,77,29.7,35.69179012,13.14078327,294.5172482
167,Female,39,186,77,29.7,36.32174034,13.04212371,291.7710873
167,Female,39,186,77,29.7,37.39970198,13.16452602,274.9550927
168,Male,63,161,57,24.1,114.5732394,11.95678012,894.7339289
168,Male,63,161,57,24.1,111.2681225,12.27857345,889.3364573
168,Male,63,161,57,24.1,114.219101,12.05558896,861.66234
168,Male,63,161,57,24.1,112.3164236,11.85376734,890.6435529
168,Male,63,161,57,24.1,111.589345,12.21543585,881.2291651
168,Male,63,161,57,24.1,111.2132056,12.45792358,899.5895725
168,Male,63,161,57,24.1,111.0537259,12.15648329,889.9678352
168,Male,63,161,57,24.1,108.7205017,12.37167129,898.5736894
168,Male,63,161,57,24.1,111.7874688,12.09301407,907.7241876
168,Male,63,161,57,24.1,108.2338692,12.13447221,898.9928685
169,Male,47,152,77,26.8,62.76525166,5.739334689,978.8865009
169,Male,47,152,77,26.8,61.81330776,6.126788809,951.4942234
169,Male,47,152,77,26.8,66.02631961,5.763284431,1001.294221
169,Male,47,152,77,26.8,63.33501229,5.774348694,985.2589995
169,Male,47,152,77,26.8,62.62172183,5.773873286,978.6640428
169,Male,47,152,77,26.8,62.78640828,5.720504215,962.0022739
169,Male,47,152,77,26.8,65.81718031,5.555027632,956.7992551
169,Male,47,152,77,26.8,65.19029837,5.926683142,984.1083658
169,Male,47,152,77,26.8,65.70824049,5.280874096,990.9663144
169,Male,47,152,77,26.8,65.24911143,6.063706119,969.959079
170,Female,55,150,85,27.9,48.23233494,4.67411937,798.4166908
170,Female,55,150,85,27.9,46.4461721,4.598666859,792.0289439
170,Female,55,150,85,27.9,46.80100816,4.633219801,796.1879761
170,Female,55,150,85,27.9,45.43126886,4.617775569,796.1889536
170,Female,55,150,85,27.9,45.53078745,4.514928472,788.7744177
170,Female,55,150,85,27.9,46.06153915,4.594338515,783.71121
170,Female,55,150,85,27.9,46.08241662,4.084701409,755.5118181
170,Female,55,150,85,27.9,46.03623023,4.868733274,796.1173706
170,Female,55,150,85,27.9,49.76623782,4.111429147,756.7327587
170,Female,55,150,85,27.9,44.99271476,4.751209648,780.496274
171,Female,55,182,75,26.8,74.65601664,13.3087831,950.9465591
171,Female,55,182,75,26.8,73.02910487,13.46150267,954.4581747
171,Female,55,182,75,26.8,72.62609853,13.31502367,953.2296002
171,Female,55,182,75,26.8,70.82893768,13.71307977,941.9280263
171,Female,55,182,75,26.8,72.75817515,13.17842629,942.3394195
171,Female,55,182,75,26.8,71.76627697,13.68217982,926.2165084
171,Female,55,182,75,26.8,67.92379735,13.38683333,943.5475338
171,Female,55,182,75,26.8,74.21651629,13.67630498,952.5033035
171,Female,55,182,75,26.8,71.49522145,13.44162018,955.030795
171,Female,55,182,75,26.8,73.45511016,13.95898716,946.6928346
172,Male,62,189,57,24.7,92.05741648,14.12208877,773.8044943
172,Male,62,189,57,24.7,88.79242415,14.58854655,768.0755849
172,Male,62,189,57,24.7,88.48402301,14.09760491,802.7885723
172,Male,62,189,57,24.7,85.76111671,14.36478622,803.7017274
172,Male,62,189,57,24.7,88.84944991,14.72653982,770.120917
172,Male,62,189,57,24.7,90.50251802,14.79726863,804.0283857
172,Male,62,189,57,24.7,87.45984275,14.47543232,787.9715788
172,Male,62,189,57,24.7,86.9350096,14.6159204,796.4022135
172,Male,62,189,57,24.7,90.18892749,14.45414847,802.7105478
172,Male,62,189,57,24.7,84.93953815,15.18625816,768.070439
173,Male,25,159,99,24,81.33063946,3.165508783,352.8513772
173,Male,25,159,99,24,81.75741277,3.491998767,357.0351967
173,Male,25,159,99,24,82.99587141,3.431045315,344.2052523
173,Male,25,159,99,24,79.54663304,3.712729832,369.4036227
173,Male,25,159,99,24,79.13261064,3.161089116,359.3383692
173,Male,25,159,99,24,83.9896635,3.232927265,357.8301795
173,Male,25,159,99,24,79.2087048,3.617577057,343.1094354
173,Male,25,159,99,24,79.99149062,3.099640787,356.0273604
173,Male,25,159,99,24,78.62302782,3.193998124,350.7570375
173,Male,25,159,99,24,81.42062615,3.136060138,332.3704144
174,Female,44,192,77,28.1,82.07919788,11.46905825,706.1814455
174,Female,44,192,77,28.1,80.94670455,11.82703088,691.945452
174,Female,44,192,77,28.1,83.79248024,11.7574177,695.4371996
174,Female,44,192,77,28.1,87.2117729,12.1819928,695.055781
174,Female,44,192,77,28.1,81.11786895,11.66732779,704.6915355
174,Female,44,192,77,28.1,84.76950194,11.50931829,678.5732891
174,Female,44,192,77,28.1,79.5180516,12.10454518,696.1143269
174,Female,44,192,77,28.1,82.05589739,12.15837073,710.5699851
174,Female,44,192,77,28.1,85.60402856,12.16634284,709.8946762
174,Female,44,192,77,28.1,79.76365418,11.53622451,689.0762303
175,Female,44,193,77,20.9,53.22699232,13.8868943,521.5210361
175,Female,44,193,77,20.9,50.07694879,13.9982673,526.5270854
175,Female,44,193,77,20.9,54.33744573,13.64810241,514.3099533
175,Female,44,193,77,20.9,56.27034531,13.81056462,535.4514372
175,Female,44,193,77,20.9,55.9260549,13.75624276,542.3348906
175,Female,44,193,77,20.9,51.9342158,13.85922346,528.7406302
175,Female,44,193,77,20.9,52.2176859,14.06846767,513.9559363
175,Female,44,193,77,20.9,51.11285717,13.7421658,531.7810636
175,Female,44,193,77,20.9,52.52847928,14.34648926,519.2297158
175,Female,44,193,77,20.9,55.03683303,14.1683263,493.0988965
176,Female,51,178,86,29.6,54.21723267,13.28723315,810.8981547
176,Female,51,178,86,29.6,53.20600178,13.23924376,812.7640068
176,Female,51,178,86,29.6,55.61760199,13.51648051,798.7580702
176,Female,51,178,86,29.6,52.71612505,13.54182574,799.5762792
176,Female,51,178,86,29.6,52.12006056,13.34756152,794.7595457
176,Female,51,178,86,29.6,55.0154663,13.34010968,816.0569267
176,Female,51,178,86,29.6,51.90382108,13.26997268,803.5207556
176,Female,51,178,86,29.6,55.55467892,13.47552623,801.5324872
176,Female,51,178,86,29.6,51.04971308,12.81989314,825.5744841
176,Female,51,178,86,29.6,49.66883157,13.75101919,818.1860869
177,Male,38,162,90,26.7,100.1576222,14.70166031,581.6073425
177,Male,38,162,90,26.7,99.17230386,14.50962468,570.4001938
177,Male,38,162,90,26.7,101.6971957,14.52994148,557.7800621
177,Male,38,162,90,26.7,98.96460027,14.90249748,566.0018345
177,Male,38,162,90,26.7,99.89728941,14.79393927,596.9435449
177,Male,38,162,90,26.7,98.36495326,14.28806421,567.3756662
177,Male,38,162,90,26.7,99.26164716,14.47741216,596.5076154
177,Male,38,162,90,26.7,97.35951859,14.63969646,572.7237691
177,Male,38,162,90,26.7,95.31962241,15.17335645,563.1040543
177,Male,38,162,90,26.7,99.66238662,14.46391842,577.1773568
178,Male,47,161,85,20.8,85.3459302,12.60201192,289.5176659
178,Male,47,161,85,20.8,82.82802098,12.19715105,316.4163603
178,Male,47,161,85,20.8,80.74071224,12.12249462,294.3311864
178,Male,47,161,85,20.8,80.64489753,12.12776787,299.0097908
178,Male,47,161,85,20.8,79.74978509,12.20245236,284.4822221
178,Male,47,161,85,20.8,81.01125565,12.13184805,306.1347395
178,Male,47,161,85,20.8,80.68020214,12.14323778,294.2255683
178,Male,47,161,85,20.8,78.53733414,12.03141532,306.4212973
178,Male,47,161,85,20.8,79.41504905,12.39847245,317.290718
178,Male,47,161,85,20.8,79.78923095,12.00152848,300.6112093
179,Male,50,180,76,27,101.4106095,8.35441755,709.8925936
179,Male,50,180,76,27,98.94714017,8.12417032,682.8533854
179,Male,50,180,76,27,98.18667044,8.368290315,698.4235826
179,Male,50,180,76,27,97.92982133,8.734437947,686.0884441
179,Male,50,180,76,27,102.4899054,8.648699686,701.2263318
179,Male,50,180,76,27,100.0198246,8.681679837,691.0004024
179,Male,50,180,76,27,96.92505587,7.980359896,678.3871016
179,Male,50,180,76,27,99.31309405,8.365060081,695.6433452
179,Male,50,180,76,27,98.53279833,8.365469288,695.2376538
179,Male,50,180,76,27,100.6055138,8.100289609,685.5994511
180,Male,45,195,66,24.6,115.6285859,6.496503941,837.9320925
180,Male,45,195,66,24.6,118.629919,7.010370365,814.8186709
180,Male,45,195,66,24.6,120.9672323,6.949081811,864.1198301
180,Male,45,195,66,24.6,114.0592689,6.70361272,828.8998551
180,Male,45,195,66,24.6,119.4141944,6.960911783,828.3400615
180,Male,45,195,66,24.6,116.7608002,7.04737631,859.2681785
180,Male,45,195,66,24.6,121.505219,6.895688427,852.0739044
180,Male,45,195,66,24.6,120.4706561,6.47720506,836.5154313
180,Male,45,195,66,24.6,119.032219,6.94378858,835.7019111
180,Male,45,195,66,24.6,117.4722986,6.794651117,847.8349132
181,Male,64,151,58,26.6,59.37922278,7.001172215,796.9111983
181,Male,64,151,58,26.6,60.21309826,7.037386347,823.5238585
181,Male,64,151,58,26.6,62.46983533,6.921534755,787.2330518
181,Male,64,151,58,26.6,60.92930336,6.460342693,841.6132617
181,Male,64,151,58,26.6,60.85155388,6.724164493,814.730682
181,Male,64,151,58,26.6,62.18618065,6.983496097,815.0339287
181,Male,64,151,58,26.6,57.47077771,6.610665053,814.8707419
181,Male,64,151,58,26.6,62.49931773,6.822118412,807.8200265
181,Male,64,151,58,26.6,63.22323065,6.644683068,804.1373999
181,Male,64,151,58,26.6,60.8508954,6.790927924,796.2550876
182,Male,50,199,82,27.3,77.42736743,11.8742311,226.8536454
182,Male,50,199,82,27.3,77.5714016,11.74958422,217.87556
182,Male,50,199,82,27.3,78.89499648,11.29134154,217.3790987
182,Male,50,199,82,27.3,75.32321899,11.93540177,220.5729987
182,Male,50,199,82,27.3,81.69035742,11.774708,215.2027253
182,Male,50,199,82,27.3,78.22339792,11.66293155,218.583102
182,Male,50,199,82,27.3,77.96626969,11.70191784,210.1825241
182,Male,50,199,82,27.3,77.84930715,11.63474712,217.8778196
182,Male,50,199,82,27.3,76.20659381,11.59592452,223.0844014
182,Male,50,199,82,27.3,76.8313915,11.26678019,201.1076331
183,Female,22,184,69,19.5,57.81710565,11.90680381,657.0425668
183,Female,22,184,69,19.5,59.67467634,11.86773837,641.1216856
183,Female,22,184,69,19.5,58.03308907,11.88976091,661.4022471
183,Female,22,184,69,19.5,59.12768131,11.97690768,647.6744221
183,Female,22,184,69,19.5,56.98410902,12.08760867,651.768583
183,Female,22,184,69,19.5,57.38502968,11.91994348,650.2328949
183,Female,22,184,69,19.5,57.51122223,11.86560537,660.5000778
183,Female,22,184,69,19.5,57.61061701,11.66734546,644.6513044
183,Female,22,184,69,19.5,57.76513993,11.89423168,651.4911835
183,Female,22,184,69,19.5,60.60028711,11.85870012,649.5780417
184,Male,36,172,62,24.3,92.63439875,5.475414929,674.4926545
184,Male,36,172,62,24.3,89.72861274,5.451228356,686.5566571
184,Male,36,172,62,24.3,92.56835466,5.413541715,671.7354057
184,Male,36,172,62,24.3,93.88538196,5.463815951,678.2970976
184,Male,36,172,62,24.3,92.21991015,5.429796482,673.0104332
184,Male,36,172,62,24.3,91.5851026,5.16661062,686.5218432
184,Male,36,172,62,24.3,92.01477941,5.60539918,686.4431417
184,Male,36,172,62,24.3,88.74141975,5.386790808,671.4493305
184,Male,36,172,62,24.3,91.69746219,5.221407184,670.6238081
184,Male,36,172,62,24.3,92.93173908,5.384365508,681.0528786
185,Male,21,166,77,29.2,51.19032167,13.65285267,821.037801
185,Male,21,166,77,29.2,49.00324958,13.1659617,797.5563347
185,Male,21,166,77,29.2,48.62527328,13.14398464,772.0792754
185,Male,21,166,77,29.2,50.64648912,13.4483204,771.3780043
185,Male,21,166,77,29.2,49.23731903,12.96316129,805.3506196
185,Male,21,166,77,29.2,52.64180694,13.73565588,800.1082853
185,Male,21,166,77,29.2,50.87373974,13.3826253,801.1867739
185,Male,21,166,77,29.2,52.99869584,12.78396773,806.7494222
185,Male,21,166,77,29.2,48.44820973,13.58256555,808.6169394
185,Male,21,166,77,29.2,52.34019852,13.47008181,795.8361916
186,Male,52,175,97,22.2,52.49415478,11.41772885,595.5635429
186,Male,52,175,97,22.2,58.93563389,11.31747036,622.6032869
186,Male,52,175,97,22.2,54.82187116,11.50537314,589.8316849
186,Male,52,175,97,22.2,54.65695167,11.14345529,599.8036146
186,Male,52,175,97,22.2,53.85500209,11.35880432,593.0908736
186,Male,52,175,97,22.2,54.20037524,11.71082923,625.6453235
186,Male,52,175,97,22.2,51.74864882,11.72194167,598.1023079
186,Male,52,175,97,22.2,52.47549012,11.39307077,588.184747
186,Male,52,175,97,22.2,55.60399842,11.67672449,588.0830232
186,Male,52,175,97,22.2,50.46795549,11.29033755,625.7386915
187,Female,34,157,78,25.3,57.11334855,9.753327587,487.9415297
187,Female,34,157,78,25.3,60.89266042,9.272244694,468.9294911
187,Female,34,157,78,25.3,57.00113133,9.600809798,472.4248408
187,Female,34,157,78,25.3,57.15418852,9.313680028,468.0357994
187,Female,34,157,78,25.3,59.14879969,9.462722417,497.2476861
187,Female,34,157,78,25.3,58.46406102,9.889963014,491.9126877
187,Female,34,157,78,25.3,56.74527726,9.734229124,480.202616
187,Female,34,157,78,25.3,57.2207331,9.800848974,476.0422841
187,Female,34,157,78,25.3,56.56547873,9.835869693,476.8730479
187,Female,34,157,78,25.3,54.37310854,9.572914375,495.1133466
188,Male,61,178,62,22.7,112.8244841,8.950916258,554.2088296
188,Male,61,178,62,22.7,112.7981663,8.380544929,566.4128004
188,Male,61,178,62,22.7,113.8864138,9.011861225,556.231095
188,Male,61,178,62,22.7,113.4293089,8.662191039,560.6345354
188,Male,61,178,62,22.7,114.7122924,9.177207243,556.2219067
188,Male,61,178,62,22.7,114.7010097,8.700215941,562.3218813
188,Male,61,178,62,22.7,116.7724739,8.914823398,572.9308153
188,Male,61,178,62,22.7,117.0544853,8.653871489,560.65132
188,Male,61,178,62,22.7,116.0911652,8.704124717,574.9876485
188,Male,61,178,62,22.7,111.8078402,8.869678714,536.0226872
189,Male,45,175,95,23.7,76.02278767,9.710622814,539.67185
189,Male,45,175,95,23.7,78.08582343,9.800637558,525.6326845
189,Male,45,175,95,23.7,78.06986303,9.318954833,527.642536
189,Male,45,175,95,23.7,79.14662224,9.253257362,548.059075
189,Male,45,175,95,23.7,80.81582806,9.412862261,512.128392
189,Male,45,175,95,23.7,77.76218434,9.571998829,537.2893764
189,Male,45,175,95,23.7,77.08783816,9.467194585,531.2612329
189,Male,45,175,95,23.7,79.42850357,9.479971854,518.0222392
189,Male,45,175,95,23.7,78.23902894,9.574859746,530.9620076
189,Male,45,175,95,23.7,77.18811384,9.309588634,546.2812197
190,Female,47,159,84,24.8,99.12995609,4.752710437,838.0068838
190,Female,47,159,84,24.8,100.2916554,4.985590686,840.742937
190,Female,47,159,84,24.8,98.53185111,4.783860165,830.6842092
190,Female,47,159,84,24.8,100.778992,4.88335743,836.7761004
190,Female,47,159,84,24.8,99.22317386,5.020823001,842.8242389
190,Female,47,159,84,24.8,100.2504992,4.880357393,839.7955207
190,Female,47,159,84,24.8,99.87564114,4.847506596,835.9084486
190,Female,47,159,84,24.8,99.92821997,4.930933008,859.9923873
190,Female,47,159,84,24.8,104.2032554,4.986959743,838.6388795
190,Female,47,159,84,24.8,101.6971556,5.162427063,822.447353
191,Male,46,175,55,24.8,110.9162594,5.46685566,549.1911714
191,Male,46,175,55,24.8,115.0435641,5.224107227,543.4711812
191,Male,46,175,55,24.8,106.0362215,5.247384791,536.9966981
191,Male,46,175,55,24.8,111.3874722,5.296722143,539.0812646
191,Male,46,175,55,24.8,108.5186958,5.735047353,565.9486899
191,Male,46,175,55,24.8,109.0284138,5.518565936,554.8632005
191,Male,46,175,55,24.8,106.338124,5.478870016,531.7760268
191,Male,46,175,55,24.8,107.5047927,5.530453791,555.3243233
191,Male,46,175,55,24.8,109.9588097,5.420887482,541.5608488
191,Male,46,175,55,24.8,110.1893911,5.576696806,539.2898303
192,Male,63,183,67,20.8,110.1459667,4.196074191,671.7243937
192,Male,63,183,67,20.8,117.5294584,4.136869132,646.2696394
192,Male,63,183,67,20.8,116.6959269,4.096627583,655.2661019
192,Male,63,183,67,20.8,112.4320368,4.122120478,650.6057235
192,Male,63,183,67,20.8,110.8547615,4.269430175,653.6977188
192,Male,63,183,67,20.8,116.3634685,4.07435068,627.41384
192,Male,63,183,67,20.8,116.9051029,3.961446382,667.913452
192,Male,63,183,67,20.8,116.182397,3.807804355,653.212244
192,Male,63,183,67,20.8,111.8874444,4.355812017,655.0984979
192,Male,63,183,67,20.8,109.2929876,3.933829325,668.3432576
193,Male,23,190,54,26.4,78.06690811,4.776676654,794.6961184
193,Male,23,190,54,26.4,77.2546077,4.832491575,805.2802158
193,Male,23,190,54,26.4,75.17074203,5.107043089,781.5102197
193,Male,23,190,54,26.4,79.63716903,4.642588019,818.2683169
193,Male,23,190,54,26.4,80.81087248,4.344907971,801.3091018
193,Male,23,190,54,26.4,82.06171645,4.394421211,824.9350938
193,Male,23,190,54,26.4,73.14527533,4.681885489,795.6100197
193,Male,23,190,54,26.4,78.3294754,4.902545327,792.8762956
193,Male,23,190,54,26.4,77.21550691,5.12806784,787.6512152
193,Male,23,190,54,26.4,77.24630162,4.764563597,798.1602496
194,Male,52,156,96,19.5,47.45387809,8.336386095,927.3734048
194,Male,52,156,96,19.5,47.13467125,8.080388057,902.9555571
194,Male,52,156,96,19.5,51.16523758,8.285094206,904.4658409
194,Male,52,156,96,19.5,49.80007828,8.174351502,934.8283121
194,Male,52,156,96,19.5,49.25372084,8.736283212,909.3710667
194,Male,52,156,96,19.5,51.40772038,8.224377673,932.2106535
194,Male,52,156,96,19.5,48.7249162,8.314284678,920.1381703
194,Male,52,156,96,19.5,51.7649785,8.541610153,908.3048293
194,Male,52,156,96,19.5,48.7907568,8.469387704,913.0463451
194,Male,52,156,96,19.5,48.51331087,8.362564518,930.8039491
195,Male,58,153,74,20.1,117.6123057,9.650213129,846.3952167
195,Male,58,153,74,20.1,119.9810676,8.96148865,833.1245143
195,Male,58,153,74,20.1,114.0969304,9.255616786,854.4959987
195,Male,58,153,74,20.1,116.4769415,9.42823421,838.2862782
195,Male,58,153,74,20.1,115.7031016,9.679815193,851.6115099
195,Male,58,153,74,20.1,116.1163477,9.311739249,856.9119207
195,Male,58,153,74,20.1,115.6304172,9.656290196,856.5389148
195,Male,58,153,74,20.1,114.8937134,9.271388819,844.3504547
195,Male,58,153,74,20.1,117.5668346,9.090429207,841.6653652
195,Male,58,153,74,20.1,113.4745985,9.057053914,871.0524753
196,Female,54,199,51,18.5,92.66620073,2.912996979,241.969874
196,Female,54,199,51,18.5,91.39667284,3.395971094,268.187158
196,Female,54,199,51,18.5,91.05035263,3.023631015,258.4660673
196,Female,54,199,51,18.5,93.93962887,3.555001584,244.4598356
196,Female,54,199,51,18.5,89.52853175,3.182833376,269.7231823
196,Female,54,199,51,18.5,94.30175549,3.334746062,260.4449838
196,Female,54,199,51,18.5,88.11390276,3.158965223,261.6053256
196,Female,54,199,51,18.5,92.19977934,3.235307792,265.8896854
196,Female,54,199,51,18.5,91.70947418,3.205626043,262.3662782
196,Female,54,199,51,18.5,91.63607913,3.103873123,267.8977589
197,Female,41,194,59,19.8,90.1556055,12.52433548,279.0253294
197,Female,41,194,59,19.8,88.81935497,12.47333722,287.6439103
197,Female,41,194,59,19.8,90.09809225,12.30605048,260.0993851
197,Female,41,194,59,19.8,87.32306446,12.45165336,258.2868554
197,Female,41,194,59,19.8,91.00124852,12.26138457,269.9090411
197,Female,41,194,59,19.8,90.04000822,12.29263711,265.7892726
197,Female,41,194,59,19.8,87.09510834,12.35856444,293.886011
197,Female,41,194,59,19.8,90.56919743,12.50836552,278.3085995
197,Female,41,194,59,19.8,87.83029152,12.83639039,256.8344306
197,Female,41,194,59,19.8,89.40210532,12.37839883,263.9311456
198,Female,46,160,79,23.9,79.08424048,6.561328662,896.9498865
198,Female,46,160,79,23.9,80.84563349,6.12670996,912.0294255
198,Female,46,160,79,23.9,77.6618868,6.798183091,928.3986475
198,Female,46,160,79,23.9,78.13223117,6.618925454,908.3861279
198,Female,46,160,79,23.9,78.87006274,6.810910131,923.4222205
198,Female,46,160,79,23.9,77.89061174,6.52395431,909.6048577
198,Female,46,160,79,23.9,76.00165192,6.308677057,917.8561097
198,Female,46,160,79,23.9,77.87463773,6.49046668,914.4053249
198,Female,46,160,79,23.9,77.46900482,6.539123564,913.5779773
198,Female,46,160,79,23.9,73.63615451,6.065279104,907.3969845
199,Male,63,178,99,25.5,98.7865082,13.67306088,350.7645369
199,Male,63,178,99,25.5,98.22224189,14.05367865,350.8571974
199,Male,63,178,99,25.5,100.0794212,13.96267823,347.6877515
199,Male,63,178,99,25.5,99.85460155,13.92045054,347.3913754
199,Male,63,178,99,25.5,99.82626868,13.92058432,333.6062414
199,Male,63,178,99,25.5,102.3537319,13.88591017,355.8232682
199,Male,63,178,99,25.5,97.97164101,14.35946215,332.8929444
199,Male,63,178,99,25.5,101.923279,13.9380715,334.2207384
199,Male,63,178,99,25.5,100.5722802,13.96152689,340.6239334
199,Male,63,178,99,25.5,102.460672,13.99239191,341.4416471
200,Male,48,185,94,27.6,31.30591574,14.67033498,798.9772613
200,Male,48,185,94,27.6,32.67780743,14.65537572,821.7149478
200,Male,48,185,94,27.6,30.39871638,14.59859078,795.5060087
200,Male,48,185,94,27.6,29.69843067,14.59775596,804.8958349
200,Male,48,185,94,27.6,30.78298127,14.5777465,806.35428
200,Male,48,185,94,27.6,29.0363852,14.74986691,814.2317262
200,Male,48,185,94,27.6,29.26043005,14.10873204,822.580811
200,Male,48,185,94,27.6,31.439585,14.56439807,798.6132056
200,Male,48,185,94,27.6,29.54211761,14.59374204,809.5389068
200,Male,48,185,94,27.6,30.50717829,14.64134531,808.0765623
